-- phpMyAdmin SQL Dump
-- version 4.1.4
-- http://www.phpmyadmin.net
--
-- Host: 127.0.0.1
-- Generation Time: Jun 12, 2018 at 01:44 PM
-- Server version: 5.6.15-log
-- PHP Version: 5.5.8

SET SQL_MODE = "NO_AUTO_VALUE_ON_ZERO";
SET time_zone = "+00:00";


/*!40101 SET @OLD_CHARACTER_SET_CLIENT=@@CHARACTER_SET_CLIENT */;
/*!40101 SET @OLD_CHARACTER_SET_RESULTS=@@CHARACTER_SET_RESULTS */;
/*!40101 SET @OLD_COLLATION_CONNECTION=@@COLLATION_CONNECTION */;
/*!40101 SET NAMES utf8 */;

--
-- Database: `football`
--

-- --------------------------------------------------------

--
-- Table structure for table `matches`
--

CREATE TABLE IF NOT EXISTS `matches` (
  `id_match` int(3) NOT NULL AUTO_INCREMENT,
  `round` int(2) NOT NULL,
  `date` date DEFAULT NULL,
  `id_home` int(2) NOT NULL,
  `id_away` int(2) NOT NULL,
  `home_goals` int(11) DEFAULT NULL,
  `away_goals` int(11) DEFAULT NULL,
  PRIMARY KEY (`id_match`),
  KEY `id_home` (`id_home`,`id_away`),
  KEY `id_away` (`id_away`)
) ENGINE=InnoDB  DEFAULT CHARSET=latin1 AUTO_INCREMENT=381 ;

--
-- Dumping data for table `matches`
--

INSERT INTO `matches` (`id_match`, `round`, `date`, `id_home`, `id_away`, `home_goals`, `away_goals`) VALUES
(1, 1, '2017-08-19', 10, 4, 3, 0),
(2, 1, '2017-08-19', 20, 13, 1, 3),
(3, 1, '2017-08-20', 1, 14, 0, 1),
(4, 1, '2017-08-20', 3, 18, 1, 1),
(5, 1, '2017-08-20', 9, 7, 3, 0),
(6, 1, '2017-08-20', 11, 17, 0, 0),
(7, 1, '2017-08-20', 15, 2, 2, 1),
(8, 1, '2017-08-20', 16, 8, 0, 0),
(9, 1, '2017-08-20', 19, 5, 1, 2),
(10, 1, '2017-08-21', 6, 12, 0, 3),
(11, 2, '2017-08-26', 8, 10, 2, 4),
(12, 2, '2017-08-26', 2, 3, 0, 1),
(13, 2, '2017-08-26', 14, 9, 1, 3),
(14, 2, '2017-08-27', 18, 16, 3, 0),
(15, 2, '2017-08-27', 12, 4, 2, 1),
(16, 2, '2017-08-27', 5, 11, 1, 2),
(17, 2, '2017-08-27', 6, 20, 0, 0),
(18, 2, '2017-08-27', 7, 15, 1, 2),
(19, 2, '2017-08-27', 13, 1, 3, 1),
(20, 2, '2017-08-27', 17, 19, 3, 2),
(21, 3, '2017-09-09', 10, 5, 3, 0),
(22, 3, '2017-09-10', 9, 17, 2, 0),
(23, 3, '2017-09-10', 1, 16, 2, 1),
(24, 3, '2017-09-10', 4, 6, 1, 0),
(25, 3, '2017-09-10', 19, 8, 1, 0),
(26, 3, '2017-09-10', 20, 7, 0, 5),
(27, 3, '2017-09-10', 11, 12, 4, 1),
(28, 3, '2017-09-10', 2, 18, 0, 1),
(29, 3, '2017-09-10', 3, 13, 0, 3),
(30, 4, '2017-09-16', 6, 9, 0, 2),
(31, 4, '2017-09-16', 7, 3, 2, 1),
(32, 4, '2017-09-16', 14, 20, 3, 0),
(33, 4, '2017-09-17', 16, 10, 1, 3),
(34, 4, '2017-09-17', 12, 19, 2, 1),
(35, 4, '2017-09-17', 13, 2, 6, 0),
(36, 4, '2017-09-17', 17, 4, 0, 2),
(37, 4, '2017-09-17', 18, 15, 2, 2),
(38, 4, '2017-09-17', 5, 1, 1, 1),
(39, 4, '2017-09-17', 8, 11, 2, 3),
(40, 5, '2017-09-19', 3, 9, 1, 1),
(41, 5, '2017-09-20', 2, 14, 0, 4),
(42, 5, '2017-09-20', 12, 17, 2, 0),
(43, 5, '2017-09-20', 1, 6, 5, 1),
(44, 5, '2017-09-20', 4, 16, 0, 1),
(45, 5, '2017-09-20', 8, 5, 1, 1),
(46, 5, '2017-09-20', 10, 7, 1, 0),
(47, 5, '2017-09-20', 11, 13, 1, 4),
(48, 5, '2017-09-20', 19, 18, 2, 3),
(49, 5, '2017-09-20', 20, 15, 0, 0),
(50, 6, '2017-09-23', 14, 19, 3, 1),
(51, 6, '2017-09-23', 17, 13, 2, 3),
(52, 6, '2017-09-23', 10, 18, 4, 0),
(53, 6, '2017-09-24', 15, 12, 2, 0),
(54, 6, '2017-09-24', 4, 5, 0, 2),
(55, 6, '2017-09-24', 6, 2, 2, 0),
(56, 6, '2017-09-24', 9, 8, 1, 0),
(57, 6, '2017-09-24', 20, 11, 0, 3),
(58, 6, '2017-09-24', 16, 3, 0, 1),
(59, 6, '2017-09-24', 7, 1, 1, 1),
(60, 7, '2017-09-30', 19, 15, 4, 0),
(61, 7, '2017-09-30', 8, 3, 0, 1),
(62, 7, '2017-10-01', 13, 4, 3, 0),
(63, 7, '2017-10-01', 2, 9, 1, 2),
(64, 7, '2017-10-01', 5, 7, 2, 1),
(65, 7, '2017-10-01', 11, 16, 6, 1),
(66, 7, '2017-10-01', 17, 6, 1, 1),
(67, 7, '2017-10-01', 18, 20, 2, 2),
(68, 7, '2017-10-01', 12, 14, 0, 2),
(69, 7, '2017-10-01', 1, 10, 2, 2),
(70, 8, '2017-10-14', 10, 11, 1, 2),
(71, 8, '2017-10-14', 14, 13, 0, 1),
(72, 8, '2017-10-15', 7, 19, 2, 1),
(73, 8, '2017-10-15', 3, 17, 2, 1),
(74, 8, '2017-10-15', 4, 8, 2, 3),
(75, 8, '2017-10-15', 6, 18, 2, 2),
(76, 8, '2017-10-15', 15, 1, 3, 1),
(77, 8, '2017-10-15', 16, 5, 0, 0),
(78, 8, '2017-10-15', 9, 12, 3, 2),
(79, 8, '2017-10-16', 20, 2, 1, 0),
(80, 9, '2017-10-21', 15, 6, 5, 0),
(81, 9, '2017-10-21', 13, 9, 0, 0),
(82, 9, '2017-10-22', 5, 20, 3, 2),
(83, 9, '2017-10-22', 12, 8, 0, 0),
(84, 9, '2017-10-22', 1, 3, 1, 0),
(85, 9, '2017-10-22', 2, 7, 0, 3),
(86, 9, '2017-10-22', 17, 16, 0, 1),
(87, 9, '2017-10-22', 18, 14, 0, 1),
(88, 9, '2017-10-22', 19, 10, 2, 6),
(89, 9, '2017-10-22', 11, 4, 3, 0),
(90, 10, '2017-10-24', 9, 15, 3, 2),
(91, 10, '2017-10-25', 1, 20, 3, 0),
(92, 10, '2017-10-25', 3, 11, 1, 2),
(93, 10, '2017-10-25', 4, 2, 2, 1),
(94, 10, '2017-10-25', 5, 12, 1, 4),
(95, 10, '2017-10-25', 7, 18, 3, 0),
(96, 10, '2017-10-25', 8, 13, 2, 3),
(97, 10, '2017-10-25', 10, 17, 4, 1),
(98, 10, '2017-10-25', 14, 6, 1, 0),
(99, 10, '2017-10-25', 16, 19, 0, 1),
(100, 11, '2017-10-28', 12, 10, 0, 2),
(101, 11, '2017-10-28', 14, 3, 1, 0),
(102, 11, '2017-10-29', 2, 11, 1, 5),
(103, 11, '2017-10-29', 6, 7, 2, 1),
(104, 11, '2017-10-29', 13, 16, 3, 1),
(105, 11, '2017-10-29', 15, 5, 4, 1),
(106, 11, '2017-10-29', 17, 8, 1, 0),
(107, 11, '2017-10-29', 19, 1, 2, 1),
(108, 11, '2017-10-29', 18, 4, 2, 1),
(109, 11, '2017-10-30', 20, 9, 1, 2),
(110, 12, '2017-11-04', 3, 6, 2, 3),
(111, 12, '2017-11-04', 8, 15, 0, 2),
(112, 12, '2017-11-05', 9, 18, 1, 1),
(113, 12, '2017-11-05', 4, 20, 2, 1),
(114, 12, '2017-11-05', 5, 13, 0, 0),
(115, 12, '2017-11-05', 7, 14, 2, 4),
(116, 12, '2017-11-05', 10, 2, 2, 1),
(117, 12, '2017-11-05', 1, 17, 1, 1),
(118, 12, '2017-11-05', 16, 12, 0, 2),
(119, 13, '2017-11-18', 14, 11, 2, 1),
(120, 13, '2017-11-18', 13, 12, 2, 1),
(121, 13, '2017-11-19', 6, 8, 0, 1),
(122, 13, '2017-11-19', 2, 16, 1, 2),
(123, 13, '2017-11-19', 15, 10, 3, 2),
(124, 13, '2017-11-19', 17, 7, 1, 1),
(125, 13, '2017-11-19', 18, 5, 1, 1),
(126, 13, '2017-11-19', 19, 4, 0, 1),
(127, 13, '2017-11-19', 9, 1, 2, 0),
(128, 13, '2017-11-20', 20, 3, 2, 3),
(129, 14, '2017-11-25', 3, 15, 3, 0),
(130, 14, '2017-11-25', 5, 17, 2, 1),
(131, 14, '2017-11-25', 16, 20, 0, 2),
(132, 14, '2017-11-25', 4, 9, 1, 3),
(133, 14, '2017-11-26', 12, 18, 0, 0),
(134, 14, '2017-11-26', 8, 14, 1, 1),
(135, 14, '2017-11-26', 19, 13, 0, 1),
(136, 14, '2017-11-26', 11, 7, 1, 1),
(137, 14, '2017-11-26', 10, 6, 3, 0),
(138, 14, '2017-11-27', 1, 2, 1, 0),
(139, 15, '2017-12-01', 14, 17, 3, 1),
(140, 15, '2017-12-01', 13, 10, 0, 1),
(141, 15, '2017-12-02', 18, 1, 1, 1),
(142, 15, '2017-12-03', 2, 12, 2, 2),
(143, 15, '2017-12-03', 3, 4, 1, 1),
(144, 15, '2017-12-03', 7, 16, 3, 0),
(145, 15, '2017-12-03', 9, 5, 5, 0),
(146, 15, '2017-12-03', 15, 11, 1, 2),
(147, 15, '2017-12-04', 6, 19, 0, 3),
(148, 15, '2017-12-04', 20, 8, 0, 1),
(149, 16, '2017-12-09', 4, 15, 2, 2),
(150, 16, '2017-12-09', 10, 9, 0, 0),
(151, 16, '2017-12-10', 5, 14, 0, 0),
(152, 16, '2017-12-10', 13, 7, 0, 0),
(153, 16, '2017-12-10', 17, 20, 2, 2),
(154, 16, '2017-12-10', 19, 2, 2, 0),
(155, 16, '2017-12-10', 16, 6, 2, 1),
(156, 16, '2017-12-10', 12, 3, 2, 1),
(157, 16, '2017-12-11', 11, 18, 1, 3),
(158, 16, '2017-12-12', 8, 1, 1, 2),
(159, 17, '2017-12-16', 9, 19, 1, 3),
(160, 17, '2017-12-16', 18, 13, 1, 3),
(161, 17, '2017-12-16', 14, 4, 1, 0),
(162, 17, '2017-12-17', 20, 12, 3, 0),
(163, 17, '2017-12-17', 3, 10, 0, 3),
(164, 17, '2017-12-17', 6, 5, 1, 0),
(165, 17, '2017-12-17', 7, 8, 0, 0),
(166, 17, '2017-12-17', 15, 16, 0, 1),
(167, 17, '2017-12-17', 2, 17, 1, 2),
(168, 17, '2017-12-17', 1, 11, 3, 3),
(169, 18, '2017-12-22', 5, 3, 2, 3),
(170, 18, '2017-12-22', 4, 7, 0, 1),
(171, 18, '2017-12-23', 11, 6, 4, 0),
(172, 18, '2017-12-23', 8, 2, 1, 0),
(173, 18, '2017-12-23', 13, 15, 3, 2),
(174, 18, '2017-12-23', 16, 9, 1, 0),
(175, 18, '2017-12-23', 17, 18, 2, 2),
(176, 18, '2017-12-23', 19, 20, 4, 0),
(177, 18, '2017-12-23', 12, 1, 0, 2),
(178, 18, '2017-12-23', 10, 14, 1, 0),
(179, 19, '2017-12-29', 6, 13, 0, 1),
(180, 19, '2017-12-30', 7, 12, 1, 1),
(181, 19, '2017-12-30', 1, 4, 1, 2),
(182, 19, '2017-12-30', 2, 5, 1, 0),
(183, 19, '2017-12-30', 3, 19, 1, 2),
(184, 19, '2017-12-30', 14, 16, 1, 1),
(185, 19, '2017-12-30', 15, 17, 2, 0),
(186, 19, '2017-12-30', 18, 8, 0, 0),
(187, 19, '2017-12-30', 9, 11, 0, 0),
(188, 19, '2017-12-30', 20, 10, 1, 3),
(189, 20, '2018-01-05', 5, 19, 1, 1),
(190, 20, '2018-01-05', 7, 9, 1, 1),
(191, 20, '2018-01-06', 18, 3, 3, 0),
(192, 20, '2018-01-06', 12, 6, 1, 0),
(193, 20, '2018-01-06', 2, 15, 3, 2),
(194, 20, '2018-01-06', 8, 16, 1, 0),
(195, 20, '2018-01-06', 13, 20, 2, 0),
(196, 20, '2018-01-06', 17, 11, 2, 5),
(197, 20, '2018-01-06', 14, 1, 1, 2),
(198, 20, '2018-01-06', 4, 10, 0, 1),
(199, 21, '2018-01-21', 1, 13, 0, 1),
(200, 21, '2018-01-21', 3, 2, 3, 0),
(201, 21, '2018-01-21', 11, 5, 5, 1),
(202, 21, '2018-01-21', 15, 7, 3, 1),
(203, 21, '2018-01-21', 16, 18, 1, 1),
(204, 21, '2018-01-21', 19, 17, 1, 1),
(205, 21, '2018-01-21', 20, 6, 0, 3),
(206, 21, '2018-01-21', 4, 12, 1, 2),
(207, 21, '2018-01-21', 9, 14, 1, 1),
(208, 21, '2018-01-22', 10, 8, 1, 0),
(209, 21, '2018-01-24', 11, 19, 3, 0),
(210, 21, '2018-01-24', 15, 14, 1, 1),
(211, 22, '2018-01-27', 16, 1, 0, 3),
(212, 22, '2018-01-27', 5, 10, 0, 2),
(213, 22, '2018-01-28', 17, 9, 1, 1),
(214, 22, '2018-01-28', 6, 4, 1, 1),
(215, 22, '2018-01-28', 7, 20, 1, 4),
(216, 22, '2018-01-28', 8, 19, 0, 1),
(217, 22, '2018-01-28', 13, 3, 3, 1),
(218, 22, '2018-01-28', 18, 2, 3, 0),
(219, 22, '2018-01-28', 12, 11, 2, 1),
(220, 22, '2018-01-28', 14, 15, 0, 1),
(221, 23, '2018-02-03', 15, 18, 1, 1),
(222, 23, '2018-02-03', 9, 6, 1, 1),
(223, 23, '2018-02-04', 20, 14, 0, 1),
(224, 23, '2018-02-04', 1, 5, 1, 0),
(225, 23, '2018-02-04', 3, 7, 1, 2),
(226, 23, '2018-02-04', 4, 17, 2, 0),
(227, 23, '2018-02-04', 10, 16, 7, 0),
(228, 23, '2018-02-04', 19, 12, 1, 1),
(229, 23, '2018-02-04', 2, 13, 0, 2),
(230, 23, '2018-02-05', 11, 8, 1, 2),
(231, 24, '2018-02-09', 7, 10, 0, 2),
(232, 24, '2018-02-10', 17, 12, 0, 4),
(233, 24, '2018-02-10', 6, 1, 1, 1),
(234, 24, '2018-02-10', 13, 11, 4, 1),
(235, 24, '2018-02-11', 16, 4, 0, 0),
(236, 24, '2018-02-11', 5, 8, 0, 1),
(237, 24, '2018-02-11', 9, 3, 2, 1),
(238, 24, '2018-02-11', 15, 20, 2, 0),
(239, 24, '2018-02-11', 18, 19, 2, 0),
(240, 24, '2018-02-11', 14, 2, 5, 2),
(241, 25, '2018-02-17', 19, 14, 0, 2),
(242, 25, '2018-02-17', 5, 4, 2, 1),
(243, 25, '2018-02-17', 8, 9, 2, 0),
(244, 25, '2018-02-18', 18, 10, 0, 1),
(245, 25, '2018-02-18', 2, 6, 3, 2),
(246, 25, '2018-02-18', 3, 16, 2, 1),
(247, 25, '2018-02-18', 13, 17, 1, 0),
(248, 25, '2018-02-18', 1, 7, 1, 1),
(249, 25, '2018-02-18', 12, 15, 1, 0),
(250, 25, '2018-02-19', 11, 20, 2, 0),
(251, 26, '2018-02-24', 3, 8, 2, 0),
(252, 26, '2018-02-24', 9, 2, 2, 0),
(253, 26, '2018-02-25', 6, 17, 2, 3),
(254, 26, '2018-02-25', 7, 5, 1, 0),
(255, 26, '2018-02-25', 15, 19, 2, 1),
(256, 26, '2018-02-25', 16, 11, 0, 3),
(257, 26, '2018-02-25', 20, 18, 2, 1),
(258, 26, '2018-02-25', 14, 12, 0, 2),
(259, 26, '2018-02-26', 4, 13, 0, 5),
(260, 27, '2018-03-03', 17, 3, 1, 0),
(261, 27, '2018-03-03', 11, 10, 0, 1),
(262, 27, '2018-03-03', 13, 14, 2, 4),
(263, 28, '2018-03-09', 14, 18, 3, 0),
(264, 28, '2018-03-10', 20, 5, 1, 0),
(265, 28, '2018-03-11', 7, 2, 1, 0),
(266, 28, '2018-03-11', 3, 1, 0, 1),
(267, 28, '2018-03-11', 4, 11, 2, 2),
(268, 28, '2018-03-11', 6, 15, 4, 1),
(269, 28, '2018-03-11', 10, 19, 2, 0),
(270, 28, '2018-03-11', 16, 17, 1, 1),
(271, 28, '2018-03-11', 8, 12, 0, 1),
(272, 28, '2018-03-11', 9, 13, 0, 0),
(273, 28, '2018-03-14', 10, 1, 2, 0),
(274, 29, '2018-03-17', 19, 16, 1, 2),
(275, 29, '2018-03-17', 17, 10, 0, 0),
(276, 29, '2018-03-18', 15, 9, 0, 5),
(277, 29, '2018-03-18', 12, 5, 3, 2),
(278, 29, '2018-03-18', 2, 4, 1, 2),
(279, 29, '2018-03-18', 6, 14, 0, 2),
(280, 29, '2018-03-18', 18, 7, 1, 2),
(281, 29, '2018-03-18', 20, 1, 0, 5),
(282, 29, '2018-03-18', 11, 3, 1, 1),
(283, 29, '2018-03-18', 13, 8, 1, 0),
(284, 30, '2018-03-31', 3, 14, 1, 1),
(285, 30, '2018-03-31', 1, 19, 2, 0),
(286, 30, '2018-03-31', 4, 18, 0, 4),
(287, 30, '2018-03-31', 7, 6, 2, 0),
(288, 30, '2018-03-31', 8, 17, 1, 1),
(289, 30, '2018-03-31', 9, 20, 3, 0),
(290, 30, '2018-03-31', 11, 2, 6, 2),
(291, 30, '2018-03-31', 5, 15, 2, 1),
(292, 30, '2018-03-31', 16, 13, 1, 1),
(293, 30, '2018-03-31', 10, 12, 3, 1),
(294, 27, '2018-04-03', 1, 15, 1, 2),
(295, 27, '2018-04-03', 8, 4, 2, 1),
(296, 27, '2018-04-03', 19, 7, 0, 2),
(297, 27, '2018-04-04', 2, 20, 3, 0),
(298, 27, '2018-04-04', 12, 9, 0, 0),
(299, 27, '2018-04-04', 5, 16, 1, 1),
(300, 27, '2018-04-04', 18, 6, 4, 1),
(301, 31, '2018-04-07', 2, 10, 2, 4),
(302, 31, '2018-04-07', 14, 7, 0, 2),
(303, 31, '2018-04-07', 17, 1, 1, 1),
(304, 31, '2018-04-07', 15, 8, 0, 0),
(305, 31, '2018-04-08', 18, 9, 1, 0),
(306, 31, '2018-04-08', 6, 3, 1, 0),
(307, 31, '2018-04-08', 13, 5, 2, 1),
(308, 31, '2018-04-08', 20, 4, 1, 0),
(309, 31, '2018-04-08', 19, 11, 1, 2),
(310, 31, '2018-04-08', 12, 16, 1, 1),
(311, 32, '2018-04-14', 4, 19, 2, 1),
(312, 32, '2018-04-14', 5, 18, 0, 0),
(313, 32, '2018-04-14', 8, 6, 1, 0),
(314, 32, '2018-04-14', 1, 9, 0, 0),
(315, 32, '2018-04-15', 12, 13, 0, 0),
(316, 32, '2018-04-15', 3, 20, 2, 0),
(317, 32, '2018-04-15', 16, 2, 2, 2),
(318, 32, '2018-04-15', 10, 15, 3, 0),
(319, 32, '2018-04-15', 11, 14, 0, 0),
(320, 32, '2018-04-16', 7, 17, 0, 0),
(321, 33, '2018-04-17', 9, 4, 4, 0),
(322, 33, '2018-04-18', 2, 1, 0, 3),
(323, 33, '2018-04-18', 6, 10, 1, 1),
(324, 33, '2018-04-18', 7, 11, 3, 4),
(325, 33, '2018-04-18', 13, 19, 4, 2),
(326, 33, '2018-04-18', 14, 8, 2, 1),
(327, 33, '2018-04-18', 15, 3, 1, 0),
(328, 33, '2018-04-18', 17, 5, 0, 0),
(329, 33, '2018-04-18', 18, 12, 1, 1),
(330, 33, '2018-04-18', 20, 16, 0, 1),
(331, 34, '2018-04-21', 17, 14, 0, 3),
(332, 34, '2018-04-21', 16, 7, 1, 0),
(333, 34, '2018-04-21', 12, 2, 0, 1),
(334, 34, '2018-04-22', 4, 3, 0, 0),
(335, 34, '2018-04-22', 1, 18, 2, 1),
(336, 34, '2018-04-22', 5, 9, 1, 2),
(337, 34, '2018-04-22', 11, 15, 4, 0),
(338, 34, '2018-04-22', 19, 6, 1, 2),
(339, 34, '2018-04-22', 10, 13, 0, 1),
(340, 34, '2018-04-23', 8, 20, 3, 1),
(341, 35, '2018-04-28', 14, 5, 4, 1),
(342, 35, '2018-04-28', 9, 10, 2, 3),
(343, 35, '2018-04-29', 6, 16, 4, 1),
(344, 35, '2018-04-29', 1, 8, 3, 1),
(345, 35, '2018-04-29', 2, 19, 3, 3),
(346, 35, '2018-04-29', 3, 12, 1, 2),
(347, 35, '2018-04-29', 15, 4, 4, 1),
(348, 35, '2018-04-29', 20, 17, 1, 3),
(349, 35, '2018-04-29', 7, 13, 3, 0),
(350, 35, '2018-04-29', 18, 11, 0, 1),
(351, 36, '2018-05-05', 12, 20, 4, 1),
(352, 36, '2018-05-05', 10, 3, 3, 1),
(353, 36, '2018-05-06', 19, 9, 0, 4),
(354, 36, '2018-05-06', 5, 6, 2, 1),
(355, 36, '2018-05-06', 8, 7, 2, 3),
(356, 36, '2018-05-06', 11, 1, 1, 1),
(357, 36, '2018-05-06', 13, 18, 2, 2),
(358, 36, '2018-05-06', 17, 2, 2, 0),
(359, 36, '2018-05-06', 16, 15, 1, 0),
(360, 36, '2018-05-06', 4, 14, 0, 1),
(361, 37, '2018-05-12', 2, 8, 1, 0),
(362, 37, '2018-05-12', 9, 16, 1, 2),
(363, 37, '2018-05-13', 3, 5, 1, 2),
(364, 37, '2018-05-13', 6, 11, 2, 2),
(365, 37, '2018-05-13', 7, 4, 0, 1),
(366, 37, '2018-05-13', 18, 17, 2, 1),
(367, 37, '2018-05-13', 20, 19, 0, 1),
(368, 37, '2018-05-13', 1, 12, 1, 1),
(369, 37, '2018-05-13', 14, 10, 0, 0),
(370, 37, '2018-05-13', 15, 13, 0, 2),
(371, 38, '2018-05-19', 10, 20, 2, 1),
(372, 38, '2018-05-20', 8, 18, 1, 2),
(373, 38, '2018-05-20', 12, 7, 5, 1),
(374, 38, '2018-05-20', 4, 1, 1, 0),
(375, 38, '2018-05-20', 5, 2, 1, 0),
(376, 38, '2018-05-20', 13, 6, 2, 1),
(377, 38, '2018-05-20', 17, 15, 3, 1),
(378, 38, '2018-05-20', 19, 3, 1, 0),
(379, 38, '2018-05-20', 11, 9, 2, 3),
(380, 38, '2018-05-20', 16, 14, 0, 1);

-- --------------------------------------------------------

--
-- Table structure for table `shots`
--

CREATE TABLE IF NOT EXISTS `shots` (
  `id_shot` int(11) NOT NULL AUTO_INCREMENT,
  `id_match` int(11) NOT NULL,
  `id_team` int(11) NOT NULL,
  `x` int(11) NOT NULL,
  `y` int(11) NOT NULL,
  `scored` tinyint(1) NOT NULL,
  PRIMARY KEY (`id_shot`),
  KEY `id_match` (`id_match`),
  KEY `id_team` (`id_team`)
) ENGINE=InnoDB  DEFAULT CHARSET=latin1 AUTO_INCREMENT=2835 ;

--
-- Dumping data for table `shots`
--

INSERT INTO `shots` (`id_shot`, `id_match`, `id_team`, `x`, `y`, `scored`) VALUES
(1, 290, 11, 28, 152, 1),
(2, 290, 11, 63, 163, 1),
(3, 290, 11, 60, 177, 1),
(4, 290, 11, 72, 211, 1),
(5, 290, 11, 117, 196, 1),
(6, 290, 11, 21, 108, 0),
(7, 290, 11, 40, 141, 0),
(8, 290, 11, 62, 119, 0),
(9, 290, 11, 68, 103, 0),
(10, 290, 11, 79, 100, 0),
(11, 290, 11, 79, 160, 0),
(12, 290, 11, 51, 187, 0),
(13, 290, 11, 64, 193, 0),
(14, 290, 11, 66, 204, 0),
(15, 290, 11, 30, 220, 0),
(16, 290, 11, 39, 237, 0),
(17, 290, 11, 128, 268, 0),
(18, 290, 11, 139, 263, 0),
(19, 290, 11, 116, 219, 0),
(20, 290, 11, 98, 193, 0),
(21, 290, 11, 103, 186, 0),
(22, 290, 11, 104, 176, 0),
(23, 290, 11, 114, 158, 0),
(24, 290, 11, 69, 103, 0),
(25, 290, 11, 79, 102, 0),
(26, 290, 11, 144, 103, 0),
(27, 290, 11, 141, 183, 0),
(28, 290, 11, 154, 232, 0),
(29, 290, 2, 450, 69, 1),
(30, 290, 2, 474, 208, 1),
(31, 290, 2, 474, 155, 0),
(32, 290, 2, 485, 251, 0),
(33, 290, 2, 401, 107, 0),
(34, 290, 2, 393, 106, 0),
(35, 293, 10, 45, 153, 1),
(36, 293, 10, 78, 208, 1),
(37, 293, 10, 80, 208, 1),
(38, 293, 10, 48, 203, 0),
(39, 293, 10, 138, 182, 0),
(40, 293, 10, 125, 200, 0),
(41, 293, 10, 120, 228, 0),
(42, 293, 12, 509, 188, 1),
(43, 293, 12, 507, 206, 0),
(44, 293, 12, 488, 209, 0),
(45, 293, 12, 454, 251, 0),
(46, 293, 12, 424, 256, 0),
(47, 293, 12, 483, 112, 0),
(48, 293, 12, 424, 115, 0),
(49, 293, 12, 410, 103, 0),
(50, 293, 12, 402, 104, 0),
(51, 293, 12, 383, 133, 0),
(52, 292, 16, 29, 172, 1),
(53, 292, 16, 15, 174, 0),
(54, 292, 16, 24, 233, 0),
(55, 292, 16, 42, 176, 0),
(56, 292, 16, 43, 110, 0),
(57, 292, 16, 57, 196, 0),
(58, 292, 16, 67, 238, 0),
(59, 292, 16, 76, 248, 0),
(60, 292, 16, 117, 232, 0),
(61, 292, 16, 130, 144, 0),
(62, 292, 13, 498, 193, 1),
(63, 292, 13, 507, 171, 0),
(64, 292, 13, 488, 140, 0),
(65, 292, 13, 488, 128, 0),
(66, 292, 13, 476, 156, 0),
(67, 292, 13, 488, 188, 0),
(68, 292, 13, 483, 205, 0),
(69, 292, 13, 452, 176, 0),
(70, 292, 13, 399, 165, 0),
(71, 292, 13, 402, 153, 0),
(72, 292, 13, 395, 169, 0),
(73, 292, 13, 392, 237, 0),
(74, 285, 1, 28, 178, 1),
(75, 285, 1, 65, 218, 1),
(76, 285, 1, 28, 209, 0),
(77, 285, 1, 36, 155, 0),
(78, 285, 1, 39, 174, 0),
(79, 285, 1, 46, 183, 0),
(80, 285, 1, 71, 203, 0),
(81, 285, 1, 67, 189, 0),
(82, 285, 1, 78, 211, 0),
(83, 285, 1, 85, 193, 0),
(84, 285, 1, 80, 182, 0),
(85, 285, 1, 85, 180, 0),
(86, 285, 1, 74, 162, 0),
(87, 285, 1, 73, 145, 0),
(88, 285, 1, 84, 239, 0),
(89, 285, 1, 97, 221, 0),
(90, 285, 1, 103, 181, 0),
(91, 285, 1, 103, 179, 0),
(92, 285, 1, 119, 271, 0),
(93, 285, 1, 120, 180, 0),
(94, 285, 1, 128, 179, 0),
(95, 285, 1, 111, 125, 0),
(96, 285, 1, 130, 108, 0),
(97, 285, 19, 514, 161, 0),
(98, 285, 19, 490, 183, 0),
(99, 285, 19, 476, 165, 0),
(100, 285, 19, 481, 154, 0),
(101, 285, 19, 477, 218, 0),
(102, 285, 19, 434, 236, 0),
(103, 285, 19, 414, 172, 0),
(104, 285, 19, 413, 101, 0),
(105, 285, 19, 375, 230, 0),
(106, 284, 3, 28, 178, 1),
(107, 284, 3, 65, 218, 0),
(108, 284, 3, 28, 209, 0),
(109, 284, 3, 36, 155, 0),
(110, 284, 3, 39, 174, 0),
(111, 284, 3, 46, 183, 0),
(112, 284, 3, 71, 203, 0),
(113, 284, 3, 67, 189, 0),
(114, 284, 3, 78, 211, 0),
(115, 284, 3, 85, 193, 0),
(116, 284, 3, 80, 182, 0),
(117, 284, 3, 85, 180, 0),
(118, 284, 3, 74, 162, 0),
(119, 284, 3, 73, 145, 0),
(120, 284, 3, 84, 239, 0),
(121, 284, 3, 97, 221, 0),
(122, 284, 3, 103, 181, 0),
(123, 284, 3, 103, 179, 0),
(124, 284, 3, 119, 271, 0),
(125, 284, 3, 120, 180, 0),
(126, 284, 3, 128, 179, 0),
(127, 284, 3, 111, 125, 0),
(128, 284, 3, 130, 108, 0),
(129, 284, 14, 514, 161, 1),
(130, 284, 14, 490, 183, 0),
(131, 284, 14, 476, 165, 0),
(132, 284, 14, 481, 154, 0),
(133, 284, 14, 477, 218, 0),
(134, 284, 14, 434, 236, 0),
(135, 284, 14, 414, 172, 0),
(136, 284, 14, 413, 101, 0),
(137, 284, 14, 375, 230, 0),
(138, 291, 5, 37, 133, 1),
(139, 291, 5, 16, 237, 0),
(140, 291, 5, 89, 197, 0),
(141, 291, 5, 86, 133, 0),
(142, 291, 5, 117, 156, 0),
(143, 291, 5, 146, 128, 0),
(144, 291, 5, 35, 337, 1),
(145, 291, 15, 512, 147, 0),
(146, 291, 15, 493, 212, 0),
(147, 291, 15, 503, 205, 0),
(148, 291, 15, 490, 195, 0),
(149, 291, 15, 480, 164, 0),
(150, 291, 15, 472, 212, 0),
(151, 291, 15, 464, 212, 0),
(152, 291, 15, 468, 116, 0),
(153, 291, 15, 405, 109, 0),
(154, 291, 15, 384, 137, 0),
(155, 291, 15, 303, 125, 0),
(156, 291, 15, 394, 169, 0),
(157, 291, 15, 409, 228, 0),
(158, 291, 15, 431, 259, 0),
(159, 286, 4, 26, 198, 0),
(160, 286, 4, 69, 142, 0),
(161, 286, 4, 58, 134, 0),
(162, 286, 4, 61, 128, 0),
(163, 286, 4, 82, 31, 0),
(164, 286, 4, 103, 171, 0),
(165, 286, 4, 104, 200, 0),
(166, 286, 4, 132, 169, 0),
(167, 286, 4, 147, 131, 0),
(168, 286, 18, 517, 187, 1),
(169, 286, 18, 486, 177, 1),
(170, 286, 18, 462, 187, 1),
(171, 286, 18, 451, 143, 1),
(172, 286, 18, 485, 252, 0),
(173, 286, 18, 457, 208, 0),
(174, 286, 18, 472, 179, 0),
(175, 286, 18, 467, 188, 0),
(176, 286, 18, 490, 162, 0),
(177, 286, 18, 474, 125, 0),
(178, 286, 18, 473, 114, 0),
(179, 286, 18, 410, 112, 0),
(180, 287, 7, 41, 205, 1),
(181, 287, 7, 44, 125, 1),
(182, 287, 7, 20, 150, 0),
(183, 287, 7, 37, 156, 0),
(184, 287, 7, 40, 173, 0),
(185, 287, 7, 60, 162, 0),
(186, 287, 7, 45, 249, 0),
(187, 287, 7, 75, 248, 0),
(188, 287, 7, 94, 179, 0),
(189, 287, 7, 102, 167, 0),
(190, 287, 7, 82, 136, 0),
(191, 287, 7, 70, 118, 0),
(192, 287, 7, 76, 104, 0),
(193, 287, 7, 104, 79, 0),
(194, 287, 7, 149, 153, 0),
(195, 287, 6, 461, 124, 0),
(196, 287, 6, 465, 146, 0),
(197, 287, 6, 411, 121, 0),
(198, 287, 6, 401, 130, 0),
(199, 287, 6, 359, 144, 0),
(200, 288, 8, 25, 171, 0),
(201, 288, 8, 52, 153, 0),
(202, 288, 8, 54, 162, 0),
(203, 288, 8, 55, 171, 0),
(204, 288, 8, 52, 182, 0),
(205, 288, 8, 82, 211, 0),
(206, 288, 8, 58, 241, 0),
(207, 288, 8, 94, 248, 0),
(208, 288, 8, 109, 258, 0),
(209, 288, 8, 136, 228, 0),
(210, 288, 8, 102, 173, 0),
(211, 288, 8, 127, 117, 0),
(212, 288, 8, 107, 108, 0),
(213, 288, 17, 502, 243, 1),
(214, 288, 17, 507, 231, 0),
(215, 288, 17, 465, 179, 0),
(216, 288, 17, 416, 188, 0),
(217, 288, 17, 429, 248, 0),
(218, 288, 17, 430, 120, 0),
(219, 288, 17, 413, 131, 0),
(220, 289, 9, 20, 154, 1),
(221, 289, 9, 67, 235, 1),
(222, 289, 9, 67, 228, 1),
(223, 289, 9, 30, 233, 1),
(224, 289, 9, 52, 206, 0),
(225, 289, 9, 49, 194, 0),
(226, 289, 9, 38, 183, 0),
(227, 289, 9, 38, 172, 0),
(228, 289, 9, 53, 177, 0),
(229, 289, 9, 51, 158, 0),
(230, 289, 9, 68, 216, 0),
(231, 289, 9, 72, 218, 0),
(232, 289, 9, 83, 211, 0),
(233, 289, 9, 72, 152, 0),
(234, 289, 9, 81, 143, 0),
(235, 289, 9, 63, 139, 0),
(236, 289, 9, 72, 135, 0),
(237, 289, 9, 67, 127, 0),
(238, 289, 9, 70, 100, 0),
(239, 289, 9, 102, 95, 0),
(240, 289, 9, 115, 200, 0),
(241, 289, 9, 128, 229, 0),
(242, 289, 9, 126, 239, 0),
(243, 289, 9, 119, 275, 0),
(244, 289, 20, 472, 224, 0),
(245, 289, 20, 465, 224, 0),
(246, 289, 20, 477, 205, 0),
(247, 289, 20, 458, 170, 0),
(248, 289, 20, 461, 161, 0),
(249, 289, 20, 431, 177, 0),
(250, 289, 20, 389, 166, 0),
(251, 289, 20, 367, 163, 0),
(252, 358, 17, 124, 106, 1),
(253, 358, 17, 156, 152, 1),
(254, 358, 17, 44, 163, 0),
(255, 358, 17, 41, 185, 0),
(256, 358, 17, 57, 194, 0),
(257, 358, 2, 497, 186, 0),
(258, 358, 2, 450, 160, 0),
(259, 358, 2, 466, 92, 0),
(260, 358, 2, 422, 100, 0),
(261, 358, 2, 411, 124, 0),
(262, 358, 2, 414, 131, 0),
(263, 358, 2, 410, 158, 0),
(264, 358, 2, 393, 155, 0),
(265, 358, 2, 367, 178, 0),
(266, 358, 2, 383, 183, 0),
(267, 358, 2, 385, 190, 0),
(268, 358, 2, 418, 234, 0),
(269, 357, 13, 35, 186, 1),
(270, 357, 13, 98, 183, 1),
(271, 357, 13, 15, 215, 0),
(272, 357, 13, 20, 153, 0),
(273, 357, 13, 42, 152, 0),
(274, 357, 13, 52, 158, 0),
(275, 357, 13, 49, 262, 0),
(276, 357, 13, 64, 259, 0),
(277, 357, 13, 76, 247, 0),
(278, 357, 13, 91, 241, 0),
(279, 357, 13, 103, 249, 0),
(280, 357, 13, 79, 268, 0),
(281, 357, 13, 151, 233, 0),
(282, 357, 13, 157, 223, 0),
(283, 357, 13, 79, 125, 0),
(284, 357, 13, 105, 130, 0),
(285, 357, 13, 107, 120, 0),
(286, 357, 13, 62, 98, 0),
(287, 357, 13, 104, 19, 0),
(288, 357, 18, 482, 105, 1),
(289, 357, 18, 489, 198, 1),
(290, 357, 18, 469, 193, 0),
(291, 357, 18, 472, 255, 0),
(292, 357, 18, 399, 160, 0),
(293, 358, 17, 40, 164, 1),
(294, 358, 17, 36, 185, 0),
(295, 358, 17, 54, 191, 0),
(296, 358, 17, 120, 103, 0),
(297, 358, 17, 155, 151, 0),
(298, 358, 2, 496, 187, 0),
(299, 358, 2, 446, 160, 0),
(300, 358, 2, 462, 91, 0),
(301, 358, 2, 418, 97, 0),
(302, 358, 2, 407, 125, 0),
(303, 358, 2, 410, 132, 0),
(304, 358, 2, 406, 157, 0),
(305, 358, 2, 389, 155, 0),
(306, 358, 2, 382, 181, 0),
(307, 358, 2, 382, 190, 0),
(308, 358, 2, 415, 235, 0),
(309, 358, 2, 365, 175, 0),
(310, 353, 19, 43, 175, 0),
(311, 353, 19, 79, 189, 0),
(312, 353, 19, 132, 160, 0),
(313, 353, 19, 115, 202, 0),
(314, 353, 19, 124, 206, 0),
(315, 353, 19, 61, 231, 0),
(316, 353, 19, 57, 256, 0),
(317, 353, 19, 79, 257, 0),
(318, 353, 19, 113, 273, 0),
(319, 353, 9, 517, 144, 1),
(320, 353, 9, 503, 143, 1),
(321, 353, 9, 485, 214, 1),
(322, 353, 9, 485, 239, 1),
(323, 353, 9, 508, 236, 0),
(324, 353, 9, 492, 230, 0),
(325, 353, 9, 491, 243, 0),
(326, 353, 9, 486, 225, 0),
(327, 353, 9, 466, 217, 0),
(328, 353, 9, 489, 165, 0),
(329, 353, 9, 492, 132, 0),
(330, 353, 9, 479, 251, 0),
(331, 353, 9, 467, 265, 0),
(332, 353, 9, 435, 217, 0),
(333, 353, 9, 438, 190, 0),
(334, 353, 9, 444, 120, 0),
(335, 353, 9, 441, 68, 0),
(336, 353, 9, 385, 111, 0),
(337, 353, 9, 401, 131, 0),
(338, 353, 9, 395, 140, 0),
(339, 353, 9, 407, 185, 0),
(340, 353, 9, 412, 244, 0),
(341, 353, 9, 403, 277, 0),
(342, 353, 9, 310, 222, 0),
(343, 356, 11, 14, 172, 1),
(344, 356, 11, 13, 217, 0),
(345, 356, 11, 23, 255, 0),
(346, 356, 11, 51, 219, 0),
(347, 356, 11, 54, 186, 0),
(348, 356, 11, 64, 177, 0),
(349, 356, 11, 67, 188, 0),
(350, 356, 11, 44, 167, 0),
(351, 356, 11, 109, 147, 0),
(352, 356, 11, 132, 118, 0),
(353, 356, 11, 101, 104, 0),
(354, 356, 11, 144, 181, 0),
(355, 356, 11, 134, 201, 0),
(356, 356, 1, 461, 197, 1),
(357, 356, 1, 498, 217, 0),
(358, 356, 1, 494, 217, 0),
(359, 356, 1, 511, 210, 0),
(360, 356, 1, 520, 161, 0),
(361, 356, 1, 493, 172, 0),
(362, 356, 1, 486, 161, 0),
(363, 356, 1, 481, 170, 0),
(364, 356, 1, 465, 168, 0),
(365, 356, 1, 450, 157, 0),
(366, 356, 1, 517, 106, 0),
(367, 356, 1, 397, 118, 0),
(368, 356, 1, 404, 212, 0),
(369, 356, 1, 438, 216, 0),
(370, 356, 1, 479, 232, 0),
(371, 356, 1, 482, 234, 0),
(372, 356, 1, 494, 241, 0),
(373, 356, 1, 432, 254, 0),
(374, 356, 1, 425, 247, 0),
(375, 356, 1, 404, 210, 0),
(376, 356, 1, 398, 248, 0),
(377, 359, 16, 19, 236, 1),
(378, 359, 16, 30, 208, 0),
(379, 359, 16, 47, 231, 0),
(380, 359, 16, 60, 231, 0),
(381, 359, 16, 68, 224, 0),
(382, 359, 16, 53, 211, 0),
(383, 359, 16, 40, 190, 0),
(384, 359, 16, 74, 197, 0),
(385, 359, 16, 108, 210, 0),
(386, 359, 16, 114, 253, 0),
(387, 359, 16, 89, 173, 0),
(388, 359, 16, 47, 162, 0),
(389, 359, 16, 119, 155, 0),
(390, 359, 16, 126, 149, 0),
(391, 359, 16, 200, 187, 0),
(392, 359, 16, 67, 98, 0),
(393, 359, 16, 40, 83, 0),
(394, 359, 15, 469, 158, 0),
(395, 359, 15, 384, 209, 0),
(396, 351, 12, 55, 200, 1),
(397, 351, 12, 78, 188, 1),
(398, 351, 12, 47, 130, 1),
(399, 351, 12, 71, 125, 1),
(400, 351, 12, 20, 153, 0),
(401, 351, 12, 37, 160, 0),
(402, 351, 12, 40, 167, 0),
(403, 351, 12, 50, 184, 0),
(404, 351, 12, 70, 196, 0),
(405, 351, 12, 72, 197, 0),
(406, 351, 12, 49, 238, 0),
(407, 351, 12, 110, 214, 0),
(408, 351, 12, 115, 214, 0),
(409, 351, 12, 136, 200, 0),
(410, 351, 12, 122, 132, 0),
(411, 351, 12, 118, 124, 0),
(412, 351, 12, 124, 101, 0),
(413, 351, 20, 440, 182, 0),
(414, 351, 20, 484, 188, 0),
(415, 351, 20, 432, 243, 0),
(416, 351, 20, 457, 257, 0),
(417, 351, 20, 408, 309, 0),
(418, 351, 20, 407, 245, 0),
(419, 351, 20, 466, 77, 0),
(420, 351, 20, 453, 67, 0),
(421, 352, 10, 35, 214, 1),
(422, 352, 10, 12, 157, 1),
(423, 352, 10, 10, 150, 0),
(424, 352, 10, 20, 168, 0),
(425, 352, 10, 24, 167, 0),
(426, 352, 10, 30, 113, 0),
(427, 352, 10, 46, 165, 0),
(428, 352, 10, 55, 166, 0),
(429, 352, 10, 44, 217, 0),
(430, 352, 10, 43, 206, 0),
(431, 352, 10, 54, 261, 0),
(432, 352, 10, 73, 176, 0),
(433, 352, 10, 91, 180, 0),
(434, 352, 10, 103, 164, 0),
(435, 352, 10, 109, 123, 0),
(436, 352, 10, 119, 253, 0),
(437, 352, 3, 494, 232, 0),
(438, 352, 3, 440, 218, 0),
(439, 352, 3, 434, 123, 0),
(440, 352, 3, 397, 138, 0),
(441, 352, 3, 401, 103, 0),
(442, 360, 4, 32, 138, 0),
(443, 360, 4, 39, 174, 0),
(444, 360, 4, 53, 145, 0),
(445, 360, 4, 78, 143, 0),
(446, 360, 4, 109, 94, 0),
(447, 360, 4, 116, 102, 0),
(448, 360, 4, 134, 142, 0),
(449, 360, 4, 107, 183, 0),
(450, 360, 4, 78, 211, 0),
(451, 360, 4, 104, 226, 0),
(452, 360, 4, 111, 235, 0),
(453, 360, 4, 121, 241, 0),
(454, 360, 4, 125, 227, 0),
(455, 360, 14, 467, 253, 1),
(456, 360, 14, 474, 234, 0),
(457, 360, 14, 474, 232, 0),
(458, 360, 14, 494, 202, 0),
(459, 360, 14, 487, 166, 0),
(460, 360, 14, 497, 157, 0),
(461, 360, 14, 422, 96, 0),
(462, 360, 14, 431, 195, 0),
(463, 360, 14, 426, 239, 0),
(464, 354, 5, 69, 259, 1),
(465, 354, 5, 36, 165, 1),
(466, 354, 5, 44, 162, 0),
(467, 354, 5, 53, 134, 0),
(468, 354, 5, 68, 126, 0),
(469, 354, 5, 52, 107, 0),
(470, 354, 5, 73, 180, 0),
(471, 354, 5, 104, 141, 0),
(472, 354, 5, 120, 110, 0),
(473, 354, 5, 136, 105, 0),
(474, 354, 5, 151, 179, 0),
(475, 354, 6, 513, 173, 1),
(476, 354, 6, 488, 148, 0),
(477, 354, 6, 487, 134, 0),
(478, 354, 6, 516, 82, 0),
(479, 354, 6, 500, 202, 0),
(480, 354, 6, 455, 148, 0),
(481, 354, 6, 392, 96, 0),
(482, 354, 6, 371, 116, 0),
(483, 354, 6, 377, 135, 0),
(484, 354, 6, 369, 173, 0),
(485, 354, 6, 386, 234, 0),
(486, 354, 6, 413, 241, 0),
(487, 354, 6, 423, 255, 0),
(488, 355, 8, 18, 188, 1),
(489, 355, 8, 41, 183, 1),
(490, 355, 8, 20, 175, 0),
(491, 355, 8, 103, 90, 0),
(492, 355, 8, 84, 249, 0),
(493, 355, 8, 108, 283, 0),
(494, 355, 7, 494, 157, 1),
(495, 355, 7, 484, 198, 1),
(496, 355, 7, 467, 165, 1),
(497, 355, 7, 518, 239, 0),
(498, 355, 7, 481, 244, 0),
(499, 355, 7, 475, 243, 0),
(500, 355, 7, 494, 181, 0),
(501, 355, 7, 477, 175, 0),
(502, 355, 7, 459, 189, 0),
(503, 355, 7, 456, 171, 0),
(504, 355, 7, 474, 152, 0),
(505, 355, 7, 487, 107, 0),
(506, 355, 7, 401, 113, 0),
(507, 355, 7, 421, 188, 0),
(508, 355, 7, 423, 217, 0),
(509, 355, 7, 425, 251, 0),
(510, 355, 7, 434, 254, 0),
(511, 355, 7, 440, 255, 0),
(512, 355, 7, 380, 215, 0),
(513, 379, 11, 92, 165, 1),
(514, 379, 11, 38, 194, 0),
(515, 379, 11, 39, 175, 0),
(516, 379, 11, 34, 163, 0),
(517, 379, 11, 39, 136, 0),
(518, 379, 11, 53, 106, 0),
(519, 379, 11, 62, 74, 0),
(520, 379, 11, 82, 116, 0),
(521, 379, 11, 108, 144, 0),
(522, 379, 11, 117, 130, 0),
(523, 379, 11, 112, 184, 0),
(524, 379, 11, 136, 183, 0),
(525, 379, 11, 92, 203, 0),
(526, 379, 11, 79, 222, 0),
(527, 379, 9, 530, 181, 1),
(528, 379, 9, 522, 186, 1),
(529, 379, 9, 511, 198, 0),
(530, 379, 9, 513, 215, 0),
(531, 379, 9, 489, 191, 0),
(532, 379, 9, 504, 134, 0),
(533, 379, 9, 483, 117, 0),
(534, 379, 9, 489, 96, 0),
(535, 379, 9, 465, 141, 0),
(536, 379, 9, 450, 156, 0),
(537, 379, 9, 424, 144, 0),
(538, 379, 9, 437, 112, 0),
(539, 379, 9, 392, 140, 0),
(540, 379, 9, 398, 203, 0),
(541, 379, 9, 410, 223, 0),
(542, 379, 9, 453, 232, 0),
(543, 373, 12, 12, 170, 1),
(544, 373, 12, 17, 161, 1),
(545, 373, 12, 34, 120, 1),
(546, 373, 12, 82, 220, 1),
(547, 373, 12, 119, 116, 1),
(548, 373, 12, 112, 95, 0),
(549, 373, 12, 125, 148, 0),
(550, 373, 12, 97, 182, 0),
(551, 373, 12, 113, 210, 0),
(552, 373, 12, 129, 260, 0),
(553, 373, 12, 68, 235, 0),
(554, 373, 12, 47, 240, 0),
(555, 373, 12, 68, 168, 0),
(556, 373, 12, 62, 146, 0),
(557, 373, 12, 71, 126, 0),
(558, 373, 12, 69, 113, 0),
(559, 373, 12, 49, 123, 0),
(560, 373, 12, 33, 159, 0),
(561, 373, 7, 478, 205, 1),
(562, 373, 7, 459, 207, 0),
(563, 373, 7, 453, 267, 0),
(564, 373, 7, 440, 162, 0),
(565, 373, 7, 412, 182, 0),
(566, 373, 7, 408, 150, 0),
(567, 373, 7, 441, 112, 0),
(568, 373, 7, 432, 100, 0),
(569, 373, 7, 469, 102, 0),
(570, 373, 7, 489, 68, 0),
(571, 378, 19, 51, 128, 1),
(572, 378, 19, 13, 229, 0),
(573, 378, 19, 52, 246, 0),
(574, 378, 19, 72, 235, 0),
(575, 378, 19, 72, 223, 0),
(576, 378, 19, 86, 205, 0),
(577, 378, 19, 70, 181, 0),
(578, 378, 19, 59, 158, 0),
(579, 378, 19, 45, 163, 0),
(580, 378, 19, 51, 148, 0),
(581, 378, 19, 26, 115, 0),
(582, 378, 19, 70, 114, 0),
(583, 378, 19, 93, 161, 0),
(584, 378, 19, 97, 169, 0),
(585, 378, 19, 113, 145, 0),
(586, 378, 19, 121, 152, 0),
(587, 378, 19, 141, 136, 0),
(588, 378, 19, 124, 216, 0),
(589, 378, 19, 111, 249, 0),
(590, 378, 19, 156, 251, 0),
(591, 378, 3, 480, 221, 0),
(592, 378, 3, 479, 236, 0),
(593, 378, 3, 479, 196, 0),
(594, 378, 3, 455, 187, 0),
(595, 378, 3, 472, 115, 0),
(596, 378, 3, 415, 128, 0),
(597, 378, 3, 403, 169, 0),
(598, 378, 3, 347, 222, 0),
(599, 372, 8, 47, 198, 1),
(600, 372, 8, 23, 214, 0),
(601, 372, 8, 38, 234, 0),
(602, 372, 8, 47, 234, 0),
(603, 372, 8, 100, 231, 0),
(604, 372, 8, 117, 207, 0),
(605, 372, 8, 133, 247, 0),
(606, 372, 8, 127, 258, 0),
(607, 372, 8, 96, 136, 0),
(608, 372, 8, 79, 133, 0),
(609, 372, 8, 108, 121, 0),
(610, 372, 8, 95, 88, 0),
(611, 372, 18, 512, 190, 1),
(612, 372, 18, 507, 183, 1),
(613, 372, 18, 521, 226, 0),
(614, 372, 18, 434, 263, 0),
(615, 374, 4, 17, 170, 1),
(616, 374, 4, 45, 202, 0),
(617, 374, 4, 72, 127, 0),
(618, 374, 4, 90, 126, 0),
(619, 374, 4, 113, 136, 0),
(620, 374, 4, 170, 178, 0),
(621, 374, 1, 524, 109, 0),
(622, 374, 1, 480, 139, 0),
(623, 374, 1, 479, 175, 0),
(624, 374, 1, 499, 199, 0),
(625, 374, 1, 468, 220, 0),
(626, 374, 1, 462, 260, 0),
(627, 374, 1, 439, 251, 0),
(628, 374, 1, 435, 202, 0),
(629, 374, 1, 449, 148, 0),
(630, 374, 1, 467, 92, 0),
(631, 374, 1, 411, 153, 0),
(632, 377, 17, 23, 202, 1),
(633, 377, 17, 47, 220, 1),
(634, 377, 17, 42, 218, 0),
(635, 377, 17, 55, 254, 0),
(636, 377, 17, 93, 224, 0),
(637, 377, 17, 110, 226, 0),
(638, 377, 17, 142, 222, 0),
(639, 377, 17, 141, 200, 0),
(640, 377, 17, 68, 147, 0),
(641, 377, 17, 53, 135, 0),
(642, 377, 17, 74, 115, 0),
(643, 377, 17, 96, 116, 0),
(644, 377, 17, 98, 124, 0),
(645, 377, 17, 102, 109, 0),
(646, 377, 17, 111, 111, 0),
(647, 377, 15, 467, 176, 1),
(648, 377, 15, 494, 226, 0),
(649, 377, 15, 471, 239, 0),
(650, 377, 15, 428, 212, 0),
(651, 377, 15, 510, 150, 0),
(652, 377, 15, 515, 123, 0),
(653, 377, 15, 402, 103, 0),
(654, 377, 15, 399, 120, 0),
(655, 377, 15, 378, 154, 0),
(656, 375, 5, 47, 178, 1),
(657, 375, 5, 21, 138, 0),
(658, 375, 5, 122, 103, 0),
(659, 375, 5, 95, 184, 0),
(660, 375, 5, 138, 179, 0),
(661, 375, 5, 130, 216, 0),
(662, 375, 5, 158, 250, 0),
(663, 375, 2, 497, 144, 0),
(664, 375, 2, 494, 141, 0),
(665, 375, 2, 491, 162, 0),
(666, 375, 2, 486, 161, 0),
(667, 375, 2, 480, 162, 0),
(668, 375, 2, 481, 229, 0),
(669, 375, 2, 467, 255, 0),
(670, 375, 2, 429, 239, 0),
(671, 375, 2, 435, 190, 0),
(672, 375, 2, 400, 228, 0),
(673, 375, 2, 369, 157, 0),
(674, 375, 2, 390, 101, 0),
(675, 371, 10, 30, 192, 1),
(676, 371, 10, 112, 224, 1),
(677, 371, 10, 38, 211, 0),
(678, 371, 10, 45, 183, 0),
(679, 371, 10, 40, 155, 0),
(680, 371, 10, 60, 220, 0),
(681, 371, 10, 54, 241, 0),
(682, 371, 10, 42, 254, 0),
(683, 371, 10, 72, 247, 0),
(684, 371, 10, 71, 129, 0),
(685, 371, 10, 90, 165, 0),
(686, 371, 10, 117, 114, 0),
(687, 371, 10, 120, 104, 0),
(688, 371, 10, 145, 146, 0),
(689, 371, 10, 126, 158, 0),
(690, 371, 10, 130, 175, 0),
(691, 371, 10, 117, 182, 0),
(692, 371, 10, 126, 199, 0),
(693, 371, 10, 111, 207, 0),
(694, 371, 10, 132, 200, 0),
(695, 371, 10, 146, 199, 0),
(696, 371, 10, 127, 228, 0),
(697, 371, 10, 121, 232, 0),
(698, 371, 10, 103, 240, 0),
(699, 371, 10, 115, 260, 0),
(700, 371, 20, 499, 194, 1),
(701, 371, 20, 431, 238, 0),
(702, 371, 20, 462, 262, 0),
(703, 371, 20, 407, 242, 0),
(704, 371, 20, 379, 222, 0),
(705, 371, 20, 402, 205, 0),
(706, 371, 20, 365, 145, 0),
(707, 371, 20, 470, 123, 0),
(708, 371, 20, 451, 108, 0),
(709, 380, 16, 18, 214, 0),
(710, 380, 16, 50, 202, 0),
(711, 380, 16, 54, 204, 0),
(712, 380, 16, 56, 218, 0),
(713, 380, 16, 57, 178, 0),
(714, 380, 16, 46, 162, 0),
(715, 380, 16, 46, 139, 0),
(716, 380, 16, 50, 112, 0),
(717, 380, 16, 86, 97, 0),
(718, 380, 16, 115, 133, 0),
(719, 380, 16, 117, 199, 0),
(720, 380, 16, 130, 208, 0),
(721, 380, 16, 119, 219, 0),
(722, 380, 16, 112, 221, 0),
(723, 380, 16, 117, 243, 0),
(724, 380, 16, 97, 267, 0),
(725, 380, 16, 114, 284, 0),
(726, 380, 14, 526, 249, 0),
(727, 380, 14, 505, 220, 0),
(728, 380, 14, 518, 203, 0),
(729, 380, 14, 488, 159, 0),
(730, 380, 14, 493, 135, 0),
(731, 380, 14, 472, 114, 0),
(732, 380, 14, 447, 85, 0),
(733, 380, 14, 444, 114, 0),
(734, 380, 14, 456, 152, 0),
(735, 380, 14, 452, 192, 0),
(736, 380, 14, 439, 172, 0),
(737, 380, 14, 422, 216, 0),
(738, 380, 14, 428, 148, 0),
(739, 380, 14, 400, 161, 0),
(740, 380, 14, 397, 131, 0),
(741, 376, 13, 13, 163, 1),
(742, 376, 13, 33, 153, 1),
(743, 376, 13, 33, 114, 0),
(744, 376, 13, 38, 193, 0),
(745, 376, 13, 74, 190, 0),
(746, 376, 13, 30, 241, 0),
(747, 376, 13, 90, 202, 0),
(748, 376, 13, 85, 263, 0),
(749, 376, 13, 82, 120, 0),
(750, 376, 13, 108, 196, 0),
(751, 376, 13, 109, 182, 0),
(752, 376, 13, 118, 218, 0),
(753, 376, 13, 121, 238, 0),
(754, 376, 13, 110, 239, 0),
(755, 376, 13, 141, 202, 0),
(756, 376, 13, 138, 173, 0),
(757, 376, 13, 133, 164, 0),
(758, 376, 13, 121, 168, 0),
(759, 376, 13, 125, 136, 0),
(760, 376, 6, 401, 229, 1),
(761, 376, 6, 407, 241, 0),
(762, 376, 6, 409, 194, 0),
(763, 376, 6, 476, 146, 0),
(764, 376, 6, 479, 144, 0),
(765, 376, 6, 481, 135, 0),
(766, 376, 6, 427, 87, 0),
(767, 376, 6, 343, 87, 0),
(768, 376, 6, 351, 148, 0),
(769, 1, 10, 71, 159, 1),
(770, 1, 10, 58, 189, 1),
(771, 1, 10, 53, 229, 1),
(772, 1, 10, 43, 232, 0),
(773, 1, 10, 66, 132, 0),
(774, 1, 10, 79, 148, 0),
(775, 1, 10, 20, 108, 0),
(776, 1, 10, 92, 112, 0),
(777, 1, 10, 106, 109, 0),
(778, 1, 10, 113, 157, 0),
(779, 1, 10, 109, 162, 0),
(780, 1, 10, 116, 171, 0),
(781, 1, 10, 96, 226, 0),
(782, 1, 10, 110, 231, 0),
(783, 1, 10, 132, 221, 0),
(784, 1, 10, 117, 272, 0),
(785, 1, 4, 500, 200, 0),
(786, 1, 4, 468, 215, 0),
(787, 1, 4, 454, 185, 0),
(788, 1, 4, 475, 129, 0),
(789, 2, 20, 36, 243, 0),
(790, 2, 20, 47, 251, 0),
(791, 2, 20, 52, 251, 0),
(792, 2, 20, 62, 237, 0),
(793, 2, 20, 68, 196, 0),
(794, 2, 20, 179, 156, 0),
(795, 2, 20, 55, 161, 0),
(796, 2, 20, 50, 159, 0),
(797, 2, 20, 31, 159, 0),
(798, 2, 20, 63, 96, 0),
(799, 2, 13, 511, 124, 1),
(800, 2, 13, 469, 217, 1),
(801, 2, 13, 452, 97, 0),
(802, 2, 13, 510, 150, 0),
(803, 2, 13, 512, 190, 0),
(804, 2, 13, 486, 215, 0),
(805, 2, 13, 459, 216, 0),
(806, 2, 13, 468, 194, 0),
(807, 2, 13, 482, 124, 0),
(808, 2, 13, 482, 113, 0),
(809, 2, 13, 467, 88, 0),
(810, 2, 13, 441, 119, 0),
(811, 2, 13, 432, 103, 0),
(812, 2, 13, 436, 138, 0),
(813, 2, 13, 427, 146, 0),
(814, 2, 13, 441, 183, 0),
(815, 2, 13, 426, 188, 0),
(816, 2, 13, 421, 197, 0),
(817, 2, 13, 394, 228, 0),
(818, 2, 13, 398, 136, 0),
(819, 2, 13, 373, 137, 0),
(820, 5, 9, 21, 198, 1),
(821, 5, 9, 37, 183, 1),
(822, 5, 9, 45, 176, 0),
(823, 5, 9, 54, 170, 0),
(824, 5, 9, 36, 158, 0),
(825, 5, 9, 30, 126, 0),
(826, 5, 9, 35, 123, 0),
(827, 5, 9, 65, 93, 0),
(828, 5, 9, 65, 148, 0),
(829, 5, 9, 73, 191, 0),
(830, 5, 9, 66, 268, 0),
(831, 5, 9, 89, 211, 0),
(832, 5, 9, 110, 222, 0),
(833, 5, 9, 116, 196, 0),
(834, 5, 9, 108, 249, 0),
(835, 5, 9, 127, 249, 0),
(836, 5, 7, 498, 168, 0),
(837, 5, 7, 494, 212, 0),
(838, 5, 7, 460, 234, 0),
(839, 5, 7, 456, 246, 0),
(840, 5, 7, 458, 188, 0),
(841, 5, 7, 424, 223, 0),
(842, 5, 7, 425, 238, 0),
(843, 5, 7, 433, 251, 0),
(844, 5, 7, 406, 251, 0),
(845, 5, 7, 404, 235, 0),
(846, 5, 7, 386, 201, 0),
(847, 5, 7, 407, 185, 0),
(848, 5, 7, 395, 177, 0),
(849, 5, 7, 415, 99, 0),
(850, 9, 19, 83, 174, 1),
(851, 9, 19, 45, 191, 0),
(852, 9, 19, 64, 182, 0),
(853, 9, 19, 71, 200, 0),
(854, 9, 19, 65, 201, 0),
(855, 9, 19, 51, 165, 0),
(856, 9, 19, 41, 153, 0),
(857, 9, 19, 73, 166, 0),
(858, 9, 19, 92, 169, 0),
(859, 9, 19, 69, 117, 0),
(860, 9, 19, 126, 144, 0),
(861, 9, 19, 152, 161, 0),
(862, 9, 19, 149, 174, 0),
(863, 9, 19, 149, 186, 0),
(864, 9, 19, 125, 197, 0),
(865, 9, 19, 94, 233, 0),
(866, 9, 19, 128, 239, 0),
(867, 9, 5, 503, 144, 1),
(868, 9, 5, 390, 229, 1),
(869, 9, 5, 395, 222, 0),
(870, 9, 5, 465, 227, 0),
(871, 9, 5, 503, 217, 0),
(872, 9, 5, 478, 199, 0),
(873, 9, 5, 450, 180, 0),
(874, 9, 5, 473, 152, 0),
(875, 9, 5, 463, 113, 0),
(876, 9, 5, 383, 155, 0),
(877, 7, 15, 11, 169, 1),
(878, 7, 15, 55, 216, 1),
(879, 7, 15, 14, 174, 0),
(880, 7, 15, 43, 170, 0),
(881, 7, 15, 41, 194, 0),
(882, 7, 15, 67, 201, 0),
(883, 7, 15, 18, 230, 0),
(884, 7, 15, 43, 138, 0),
(885, 7, 15, 74, 218, 0),
(886, 7, 15, 122, 230, 0),
(887, 7, 15, 112, 173, 0),
(888, 7, 15, 120, 168, 0),
(889, 7, 15, 108, 165, 0),
(890, 7, 15, 112, 142, 0),
(891, 7, 15, 138, 159, 0),
(892, 7, 2, 477, 245, 1),
(893, 7, 2, 478, 191, 0),
(894, 7, 2, 523, 164, 0),
(895, 7, 2, 522, 248, 0),
(896, 7, 2, 448, 216, 0),
(897, 7, 2, 449, 232, 0),
(898, 7, 2, 443, 238, 0),
(899, 7, 2, 443, 253, 0),
(900, 7, 2, 440, 268, 0),
(901, 7, 2, 433, 245, 0),
(902, 7, 2, 407, 223, 0),
(903, 7, 2, 419, 202, 0),
(904, 7, 2, 404, 179, 0),
(905, 7, 2, 336, 166, 0),
(906, 7, 2, 432, 128, 0),
(907, 7, 2, 399, 109, 0),
(908, 7, 2, 418, 92, 0),
(909, 7, 2, 468, 86, 0),
(910, 4, 3, 56, 227, 1),
(911, 4, 3, 26, 245, 0),
(912, 4, 3, 67, 240, 0),
(913, 4, 3, 68, 222, 0),
(914, 4, 3, 108, 221, 0),
(915, 4, 3, 116, 222, 0),
(916, 4, 3, 110, 212, 0),
(917, 4, 3, 130, 231, 0),
(918, 4, 3, 126, 159, 0),
(919, 4, 3, 149, 133, 0),
(920, 4, 3, 61, 124, 0),
(921, 4, 3, 63, 107, 0),
(922, 4, 3, 25, 142, 0),
(923, 4, 18, 408, 179, 1),
(924, 4, 18, 442, 197, 0),
(925, 4, 18, 495, 220, 0),
(926, 4, 18, 488, 109, 0),
(927, 4, 18, 384, 150, 0),
(928, 4, 18, 395, 191, 0),
(929, 4, 18, 406, 211, 0),
(930, 4, 18, 412, 225, 0),
(931, 4, 18, 399, 257, 0),
(932, 6, 11, 51, 183, 0),
(933, 6, 11, 66, 198, 0),
(934, 6, 11, 67, 183, 0),
(935, 6, 11, 68, 234, 0),
(936, 6, 11, 71, 134, 0),
(937, 6, 11, 64, 126, 0),
(938, 6, 11, 49, 136, 0),
(939, 6, 11, 86, 140, 0),
(940, 6, 11, 82, 123, 0),
(941, 6, 11, 59, 99, 0),
(942, 6, 11, 73, 86, 0),
(943, 6, 11, 109, 118, 0),
(944, 6, 11, 132, 94, 0),
(945, 6, 11, 109, 169, 0),
(946, 6, 11, 100, 179, 0),
(947, 6, 11, 100, 209, 0),
(948, 6, 11, 119, 254, 0),
(949, 6, 11, 129, 209, 0),
(950, 6, 11, 155, 240, 0),
(951, 6, 11, 153, 189, 0),
(952, 6, 11, 162, 173, 0),
(953, 6, 11, 148, 141, 0),
(954, 6, 17, 524, 202, 0),
(955, 6, 17, 487, 181, 0),
(956, 6, 17, 494, 209, 0),
(957, 6, 17, 472, 236, 0),
(958, 6, 17, 453, 192, 0),
(959, 6, 17, 417, 174, 0),
(960, 6, 17, 399, 207, 0),
(961, 6, 17, 407, 237, 0),
(962, 6, 17, 463, 91, 0),
(963, 10, 6, 57, 221, 0),
(964, 10, 6, 75, 171, 0),
(965, 10, 6, 44, 155, 0),
(966, 10, 6, 49, 127, 0),
(967, 10, 6, 105, 141, 0),
(968, 10, 6, 114, 131, 0),
(969, 10, 12, 524, 200, 1),
(970, 10, 12, 482, 127, 1),
(971, 10, 12, 526, 119, 0),
(972, 10, 12, 504, 107, 0),
(973, 10, 12, 493, 167, 0),
(974, 10, 12, 467, 152, 0),
(975, 10, 12, 470, 217, 0),
(976, 10, 12, 482, 234, 0),
(977, 10, 12, 490, 263, 0),
(978, 10, 12, 502, 252, 0),
(979, 10, 12, 455, 223, 0),
(980, 10, 12, 438, 200, 0),
(981, 10, 12, 433, 184, 0),
(982, 10, 12, 417, 126, 0),
(983, 10, 12, 380, 169, 0),
(984, 10, 12, 387, 182, 0),
(985, 10, 12, 412, 190, 0),
(986, 10, 12, 388, 241, 0),
(987, 8, 16, 20, 244, 0),
(988, 8, 16, 16, 227, 0),
(989, 8, 16, 56, 191, 0),
(990, 8, 16, 45, 128, 0),
(991, 8, 16, 50, 267, 0),
(992, 8, 16, 110, 216, 0),
(993, 8, 16, 149, 227, 0),
(994, 8, 16, 139, 190, 0),
(995, 8, 16, 147, 179, 0),
(996, 8, 16, 115, 164, 0),
(997, 8, 16, 131, 144, 0),
(998, 8, 16, 142, 136, 0),
(999, 8, 16, 171, 122, 0),
(1000, 8, 16, 117, 118, 0),
(1001, 8, 8, 499, 137, 0),
(1002, 8, 8, 509, 169, 0),
(1003, 8, 8, 488, 158, 0),
(1004, 8, 8, 487, 224, 0),
(1005, 8, 8, 492, 234, 0),
(1006, 8, 8, 421, 228, 0),
(1007, 8, 8, 416, 228, 0),
(1008, 8, 8, 400, 228, 0),
(1009, 8, 8, 405, 236, 0),
(1010, 8, 8, 423, 162, 0),
(1011, 8, 8, 417, 131, 0),
(1012, 8, 8, 364, 129, 0),
(1013, 12, 2, 32, 124, 0),
(1014, 12, 2, 33, 122, 0),
(1015, 12, 2, 33, 107, 0),
(1016, 12, 2, 36, 173, 0),
(1017, 12, 2, 38, 191, 0),
(1018, 12, 2, 48, 196, 0),
(1019, 12, 2, 44, 221, 0),
(1020, 12, 2, 54, 252, 0),
(1021, 12, 2, 86, 200, 0),
(1022, 12, 2, 119, 210, 0),
(1023, 12, 2, 129, 224, 0),
(1024, 12, 2, 96, 273, 0),
(1025, 12, 2, 141, 156, 0),
(1026, 12, 2, 104, 108, 0),
(1027, 12, 2, 90, 81, 0),
(1028, 12, 3, 458, 198, 1),
(1029, 12, 3, 480, 212, 0),
(1030, 12, 3, 520, 173, 0),
(1031, 12, 3, 510, 180, 0),
(1032, 12, 3, 484, 219, 0),
(1033, 12, 3, 449, 266, 0),
(1034, 12, 3, 399, 222, 0),
(1035, 12, 3, 401, 209, 0),
(1036, 12, 3, 397, 152, 0),
(1037, 12, 3, 385, 143, 0),
(1038, 12, 3, 414, 127, 0),
(1039, 12, 3, 446, 113, 0),
(1040, 12, 3, 483, 117, 0),
(1041, 12, 3, 495, 139, 0),
(1042, 11, 8, 40, 226, 0),
(1043, 11, 8, 64, 215, 0),
(1044, 11, 8, 45, 181, 0),
(1045, 11, 8, 48, 162, 0),
(1046, 11, 8, 120, 149, 0),
(1047, 11, 8, 136, 127, 0),
(1048, 11, 8, 117, 221, 0),
(1049, 11, 8, 72, 254, 0),
(1050, 11, 10, 464, 257, 1),
(1051, 11, 10, 491, 202, 1),
(1052, 11, 10, 488, 155, 1),
(1053, 11, 10, 523, 144, 0),
(1054, 11, 10, 525, 203, 0),
(1055, 11, 10, 492, 249, 0),
(1056, 11, 10, 471, 209, 0),
(1057, 11, 10, 470, 201, 0),
(1058, 11, 10, 467, 201, 0),
(1059, 11, 10, 436, 191, 0),
(1060, 11, 10, 434, 170, 0),
(1061, 11, 10, 439, 153, 0),
(1062, 11, 10, 398, 155, 0),
(1063, 11, 10, 399, 166, 0),
(1064, 11, 10, 382, 176, 0),
(1065, 14, 18, 46, 214, 1),
(1066, 14, 18, 57, 205, 1),
(1067, 14, 18, 49, 182, 1),
(1068, 14, 18, 46, 174, 0),
(1069, 14, 18, 37, 234, 0),
(1070, 14, 18, 51, 239, 0),
(1071, 14, 18, 65, 262, 0),
(1072, 14, 18, 73, 244, 0),
(1073, 14, 18, 73, 225, 0),
(1074, 14, 18, 104, 225, 0),
(1075, 14, 18, 106, 242, 0),
(1076, 14, 18, 87, 276, 0),
(1077, 14, 18, 99, 142, 0),
(1078, 14, 18, 93, 94, 0),
(1079, 14, 16, 511, 136, 0),
(1080, 14, 16, 491, 166, 0),
(1081, 14, 16, 498, 105, 0),
(1082, 14, 16, 468, 190, 0),
(1083, 14, 16, 457, 165, 0),
(1084, 14, 16, 414, 124, 0),
(1085, 14, 16, 402, 133, 0),
(1086, 14, 16, 400, 150, 0),
(1087, 14, 16, 394, 153, 0),
(1088, 14, 16, 394, 151, 0),
(1089, 14, 16, 403, 169, 0),
(1090, 14, 16, 416, 222, 0),
(1091, 14, 16, 441, 250, 0),
(1092, 14, 16, 420, 272, 0),
(1093, 14, 16, 418, 253, 0),
(1094, 14, 16, 410, 260, 0),
(1095, 14, 16, 352, 239, 0),
(1096, 14, 16, 338, 151, 0),
(1097, 14, 16, 383, 101, 0),
(1098, 15, 12, 9, 190, 1),
(1099, 15, 12, 119, 121, 1),
(1100, 15, 12, 10, 208, 0),
(1101, 15, 12, 42, 156, 0),
(1102, 15, 12, 62, 112, 0),
(1103, 15, 12, 109, 164, 0),
(1104, 15, 12, 59, 216, 0),
(1105, 15, 12, 77, 239, 0),
(1106, 15, 12, 80, 246, 0),
(1107, 15, 12, 97, 283, 0),
(1108, 15, 12, 109, 256, 0),
(1109, 15, 12, 176, 253, 0),
(1110, 15, 12, 105, 169, 0),
(1111, 15, 12, 106, 116, 0),
(1112, 15, 12, 103, 89, 0),
(1113, 15, 12, 128, 101, 0),
(1114, 15, 4, 464, 227, 1),
(1115, 15, 4, 494, 188, 0),
(1116, 15, 4, 486, 236, 0),
(1117, 15, 4, 458, 199, 0),
(1118, 15, 4, 493, 128, 0),
(1119, 15, 4, 498, 122, 0),
(1120, 15, 4, 531, 123, 0),
(1121, 15, 4, 456, 133, 0),
(1122, 15, 4, 416, 143, 0),
(1123, 15, 4, 371, 162, 0),
(1124, 15, 4, 398, 191, 0),
(1125, 15, 4, 390, 189, 0),
(1126, 15, 4, 394, 215, 0),
(1127, 15, 4, 397, 234, 0),
(1128, 18, 7, 73, 181, 1),
(1129, 18, 7, 8, 181, 0),
(1130, 18, 7, 39, 213, 0),
(1131, 18, 7, 49, 194, 0),
(1132, 18, 7, 44, 175, 0),
(1133, 18, 7, 49, 225, 0),
(1134, 18, 7, 75, 195, 0),
(1135, 18, 7, 83, 186, 0),
(1136, 18, 7, 76, 169, 0),
(1137, 18, 7, 76, 148, 0),
(1138, 18, 7, 69, 143, 0),
(1139, 18, 7, 53, 138, 0),
(1140, 18, 7, 20, 124, 0),
(1141, 18, 7, 34, 102, 0),
(1142, 18, 7, 50, 113, 0),
(1143, 18, 7, 92, 115, 0),
(1144, 18, 7, 100, 116, 0),
(1145, 18, 7, 96, 129, 0),
(1146, 18, 7, 93, 94, 0),
(1147, 18, 7, 122, 138, 0),
(1148, 18, 7, 105, 157, 0),
(1149, 18, 7, 139, 211, 0),
(1150, 18, 7, 106, 228, 0),
(1151, 18, 7, 72, 255, 0),
(1152, 18, 7, 99, 272, 0),
(1153, 18, 15, 509, 142, 1),
(1154, 18, 15, 477, 140, 0),
(1155, 18, 15, 466, 135, 0),
(1156, 18, 15, 467, 207, 0),
(1157, 18, 15, 476, 227, 0),
(1158, 18, 15, 468, 295, 0),
(1159, 18, 15, 417, 244, 0),
(1160, 18, 15, 432, 231, 0),
(1161, 18, 15, 421, 225, 0),
(1162, 18, 15, 404, 207, 0),
(1163, 13, 14, 47, 195, 1),
(1164, 13, 14, 45, 135, 0),
(1165, 13, 14, 34, 119, 0),
(1166, 13, 14, 54, 186, 0),
(1167, 13, 14, 54, 203, 0),
(1168, 13, 14, 35, 241, 0),
(1169, 13, 14, 47, 241, 0),
(1170, 13, 14, 66, 214, 0),
(1171, 13, 14, 81, 185, 0),
(1172, 13, 14, 106, 154, 0),
(1173, 13, 14, 121, 126, 0),
(1174, 13, 14, 150, 150, 0),
(1175, 13, 14, 134, 175, 0),
(1176, 13, 14, 130, 197, 0),
(1177, 13, 14, 105, 240, 0),
(1178, 13, 14, 118, 241, 0),
(1179, 13, 14, 113, 248, 0),
(1180, 13, 14, 122, 256, 0),
(1181, 13, 9, 518, 177, 1),
(1182, 13, 9, 479, 176, 1),
(1183, 13, 9, 459, 210, 1),
(1184, 13, 9, 509, 168, 0),
(1185, 13, 9, 491, 179, 0),
(1186, 13, 9, 490, 188, 0),
(1187, 13, 9, 487, 131, 0),
(1188, 13, 9, 501, 65, 0),
(1189, 13, 9, 469, 192, 0),
(1190, 13, 9, 504, 234, 0),
(1191, 13, 9, 463, 218, 0),
(1192, 13, 9, 456, 252, 0),
(1193, 13, 9, 416, 233, 0),
(1194, 13, 9, 394, 226, 0),
(1195, 16, 5, 52, 151, 1),
(1196, 16, 5, 46, 138, 0),
(1197, 16, 5, 30, 130, 0),
(1198, 16, 5, 55, 167, 0),
(1199, 16, 5, 59, 182, 0),
(1200, 16, 5, 59, 198, 0),
(1201, 16, 5, 43, 199, 0),
(1202, 16, 5, 30, 226, 0),
(1203, 16, 5, 139, 177, 0),
(1204, 16, 5, 161, 165, 0),
(1205, 16, 5, 143, 141, 0),
(1206, 16, 5, 133, 121, 0),
(1207, 16, 5, 164, 195, 0),
(1208, 16, 11, 519, 192, 1),
(1209, 16, 11, 418, 241, 1),
(1210, 16, 11, 423, 226, 0),
(1211, 16, 11, 487, 199, 0),
(1212, 16, 11, 482, 176, 0),
(1213, 16, 11, 481, 152, 0),
(1214, 16, 11, 460, 161, 0),
(1215, 16, 11, 448, 135, 0),
(1216, 16, 11, 400, 162, 0),
(1217, 16, 11, 401, 130, 0),
(1218, 16, 11, 377, 145, 0),
(1219, 16, 11, 353, 214, 0),
(1220, 16, 11, 398, 68, 0),
(1221, 19, 13, 40, 171, 1),
(1222, 19, 13, 62, 209, 1),
(1223, 19, 13, 113, 138, 1),
(1224, 19, 13, 57, 273, 0),
(1225, 19, 13, 64, 262, 0),
(1226, 19, 13, 46, 209, 0),
(1227, 19, 13, 38, 162, 0),
(1228, 19, 13, 50, 118, 0),
(1229, 19, 13, 26, 111, 0),
(1230, 19, 13, 133, 190, 0),
(1231, 19, 13, 127, 243, 0),
(1232, 19, 1, 498, 200, 1),
(1233, 19, 1, 506, 249, 0),
(1234, 19, 1, 437, 226, 0),
(1235, 19, 1, 464, 199, 0),
(1236, 19, 1, 495, 166, 0),
(1237, 19, 1, 510, 155, 0),
(1238, 19, 1, 491, 124, 0),
(1239, 19, 1, 498, 121, 0),
(1240, 19, 1, 477, 141, 0),
(1241, 19, 1, 434, 106, 0),
(1242, 19, 1, 436, 90, 0),
(1243, 19, 1, 416, 166, 0),
(1244, 19, 1, 418, 191, 0),
(1245, 19, 1, 437, 228, 0),
(1246, 19, 1, 400, 194, 0),
(1247, 17, 6, 42, 171, 0),
(1248, 17, 6, 50, 193, 0),
(1249, 17, 6, 62, 194, 0),
(1250, 17, 6, 61, 222, 0),
(1251, 17, 6, 67, 231, 0),
(1252, 17, 6, 124, 258, 0),
(1253, 17, 6, 123, 252, 0),
(1254, 17, 6, 75, 131, 0),
(1255, 17, 6, 47, 112, 0),
(1256, 17, 6, 32, 124, 0),
(1257, 17, 6, 124, 87, 0),
(1258, 17, 20, 407, 274, 0),
(1259, 17, 20, 407, 242, 0),
(1260, 17, 20, 462, 226, 0),
(1261, 17, 20, 481, 244, 0),
(1262, 17, 20, 423, 135, 0),
(1263, 20, 17, 65, 214, 1),
(1264, 20, 17, 23, 139, 1),
(1265, 20, 17, 66, 253, 1),
(1266, 20, 17, 44, 215, 0),
(1267, 20, 17, 56, 213, 0),
(1268, 20, 17, 75, 227, 0),
(1269, 20, 17, 53, 138, 0),
(1270, 20, 17, 127, 136, 0),
(1271, 20, 17, 140, 167, 0),
(1272, 20, 17, 117, 97, 0),
(1273, 20, 19, 505, 129, 1),
(1274, 20, 19, 501, 121, 0),
(1275, 20, 19, 452, 136, 0),
(1276, 20, 19, 450, 242, 0),
(1277, 20, 19, 391, 253, 0),
(1278, 20, 19, 389, 232, 0),
(1279, 20, 19, 379, 226, 0),
(1280, 20, 19, 394, 203, 0),
(1281, 20, 19, 373, 185, 0),
(1282, 20, 19, 406, 88, 0),
(1283, 32, 14, 11, 195, 1),
(1284, 32, 14, 55, 208, 1),
(1285, 32, 14, 53, 162, 1),
(1286, 32, 14, 10, 218, 0),
(1287, 32, 14, 31, 228, 0),
(1288, 32, 14, 50, 246, 0),
(1289, 32, 14, 63, 227, 0),
(1290, 32, 14, 59, 218, 0),
(1291, 32, 14, 64, 214, 0),
(1292, 32, 14, 57, 203, 0),
(1293, 32, 14, 46, 198, 0),
(1294, 32, 14, 47, 207, 0),
(1295, 32, 14, 45, 171, 0),
(1296, 32, 14, 71, 164, 0),
(1297, 32, 14, 67, 138, 0),
(1298, 32, 14, 75, 128, 0),
(1299, 32, 14, 46, 128, 0),
(1300, 32, 14, 35, 112, 0),
(1301, 32, 14, 106, 97, 0),
(1302, 32, 14, 119, 119, 0),
(1303, 32, 14, 140, 121, 0),
(1304, 32, 14, 173, 91, 0),
(1305, 32, 14, 114, 162, 0),
(1306, 32, 14, 116, 176, 0),
(1307, 32, 14, 132, 174, 0),
(1308, 32, 14, 115, 222, 0),
(1309, 32, 14, 111, 241, 0),
(1310, 32, 14, 100, 251, 0),
(1311, 32, 14, 151, 226, 0),
(1312, 32, 20, 452, 239, 0),
(1313, 32, 20, 444, 209, 0),
(1314, 32, 20, 423, 231, 0),
(1315, 32, 20, 369, 155, 0),
(1316, 32, 20, 376, 107, 0),
(1317, 32, 20, 401, 99, 0),
(1318, 32, 20, 471, 121, 0),
(1319, 32, 20, 459, 65, 0),
(1320, 37, 18, 50, 238, 1),
(1321, 37, 18, 138, 208, 1),
(1322, 37, 18, 106, 251, 0),
(1323, 37, 18, 36, 211, 0),
(1324, 37, 18, 18, 157, 0),
(1325, 37, 18, 82, 175, 0),
(1326, 37, 18, 65, 153, 0),
(1327, 37, 18, 59, 122, 0),
(1328, 37, 18, 48, 121, 0),
(1329, 37, 18, 97, 201, 0),
(1330, 37, 18, 144, 173, 0),
(1331, 37, 18, 129, 167, 0),
(1332, 37, 18, 108, 118, 0),
(1333, 37, 15, 519, 197, 1),
(1334, 37, 15, 491, 156, 1),
(1335, 37, 15, 478, 120, 0),
(1336, 37, 15, 481, 190, 0),
(1337, 37, 15, 445, 166, 0),
(1338, 37, 15, 432, 145, 0),
(1339, 37, 15, 426, 99, 0),
(1340, 37, 15, 354, 122, 0),
(1341, 37, 15, 420, 218, 0),
(1342, 37, 15, 386, 226, 0),
(1343, 37, 15, 378, 240, 0),
(1344, 35, 13, 15, 192, 1),
(1345, 35, 13, 64, 172, 1),
(1346, 35, 13, 76, 224, 1),
(1347, 35, 13, 33, 199, 1),
(1348, 35, 13, 40, 203, 0),
(1349, 35, 13, 55, 191, 0),
(1350, 35, 13, 51, 221, 0),
(1351, 35, 13, 40, 141, 0),
(1352, 35, 13, 18, 138, 0),
(1353, 35, 13, 24, 122, 0),
(1354, 35, 13, 64, 148, 0),
(1355, 35, 13, 78, 120, 0),
(1356, 35, 13, 69, 118, 0),
(1357, 35, 13, 64, 107, 0),
(1358, 35, 13, 89, 98, 0),
(1359, 35, 13, 120, 109, 0),
(1360, 35, 13, 137, 157, 0),
(1361, 35, 13, 101, 163, 0),
(1362, 35, 13, 111, 212, 0),
(1363, 35, 13, 95, 261, 0),
(1364, 35, 13, 99, 252, 0),
(1365, 35, 13, 104, 266, 0),
(1366, 35, 2, 496, 134, 0),
(1367, 35, 2, 431, 210, 0),
(1368, 35, 2, 396, 235, 0),
(1369, 35, 2, 384, 147, 0),
(1370, 35, 2, 348, 112, 0),
(1371, 35, 2, 461, 296, 0),
(1372, 34, 12, 13, 176, 1),
(1373, 34, 12, 31, 173, 1),
(1374, 34, 12, 22, 180, 0),
(1375, 34, 12, 9, 202, 0),
(1376, 34, 12, 18, 120, 0),
(1377, 34, 12, 16, 112, 0),
(1378, 34, 12, 39, 94, 0),
(1379, 34, 12, 58, 114, 0),
(1380, 34, 12, 66, 149, 0),
(1381, 34, 12, 84, 151, 0),
(1382, 34, 12, 55, 186, 0),
(1383, 34, 12, 46, 228, 0),
(1384, 34, 12, 74, 238, 0),
(1385, 34, 12, 106, 216, 0),
(1386, 34, 12, 94, 181, 0),
(1387, 34, 12, 137, 151, 0),
(1388, 34, 12, 102, 134, 0),
(1389, 34, 12, 103, 120, 0),
(1390, 34, 12, 101, 103, 0),
(1391, 34, 12, 128, 97, 0),
(1392, 34, 12, 139, 114, 0),
(1393, 34, 19, 462, 141, 1),
(1394, 34, 19, 500, 139, 0),
(1395, 34, 19, 475, 209, 0),
(1396, 34, 19, 512, 234, 0),
(1397, 33, 16, 5, 163, 1),
(1398, 33, 16, 21, 183, 0),
(1399, 33, 16, 19, 231, 0),
(1400, 33, 16, 51, 231, 0),
(1401, 33, 16, 77, 181, 0),
(1402, 33, 16, 98, 143, 0),
(1403, 33, 16, 78, 104, 0),
(1404, 33, 16, 129, 173, 0),
(1405, 33, 16, 142, 163, 0),
(1406, 33, 16, 149, 204, 0),
(1407, 33, 16, 136, 216, 0),
(1408, 33, 16, 111, 208, 0),
(1409, 33, 16, 230, 119, 0),
(1410, 33, 10, 462, 207, 1),
(1411, 33, 10, 418, 215, 1),
(1412, 33, 10, 409, 157, 1),
(1413, 33, 10, 502, 140, 0),
(1414, 33, 10, 468, 197, 0),
(1415, 33, 10, 491, 211, 0),
(1416, 33, 10, 457, 221, 0),
(1417, 33, 10, 466, 141, 0),
(1418, 33, 10, 449, 132, 0),
(1419, 33, 10, 417, 131, 0),
(1420, 33, 10, 420, 113, 0),
(1421, 33, 10, 429, 242, 0),
(1422, 33, 10, 416, 232, 0),
(1423, 33, 10, 413, 244, 0),
(1424, 38, 5, 116, 93, 1),
(1425, 38, 5, 38, 206, 0),
(1426, 38, 5, 50, 203, 0),
(1427, 38, 5, 43, 161, 0),
(1428, 38, 5, 34, 155, 0),
(1429, 38, 5, 61, 123, 0),
(1430, 38, 5, 64, 98, 0),
(1431, 38, 5, 100, 146, 0),
(1432, 38, 5, 139, 121, 0),
(1433, 38, 5, 162, 176, 0),
(1434, 38, 5, 131, 192, 0),
(1435, 38, 5, 124, 211, 0),
(1436, 38, 1, 488, 192, 0),
(1437, 38, 1, 489, 202, 0),
(1438, 38, 1, 430, 232, 0),
(1439, 38, 1, 426, 222, 0),
(1440, 38, 1, 409, 219, 0),
(1441, 38, 1, 392, 171, 0),
(1442, 38, 1, 423, 150, 0),
(1443, 36, 17, 4, 212, 0),
(1444, 36, 17, 16, 123, 0),
(1445, 36, 17, 67, 160, 0),
(1446, 36, 17, 79, 203, 0),
(1447, 36, 17, 50, 213, 0),
(1448, 36, 17, 54, 234, 0),
(1449, 36, 17, 126, 203, 0),
(1450, 36, 17, 115, 181, 0),
(1451, 36, 17, 127, 174, 0),
(1452, 36, 17, 143, 137, 0),
(1453, 36, 17, 106, 86, 0),
(1454, 36, 17, 63, 104, 0),
(1455, 36, 4, 481, 160, 1),
(1456, 36, 4, 418, 113, 1),
(1457, 36, 4, 485, 113, 0),
(1458, 36, 4, 486, 173, 0),
(1459, 36, 4, 496, 178, 0),
(1460, 36, 4, 493, 239, 0),
(1461, 36, 4, 462, 199, 0),
(1462, 36, 4, 458, 198, 0),
(1463, 36, 4, 450, 174, 0),
(1464, 36, 4, 415, 159, 0),
(1465, 36, 4, 445, 228, 0),
(1466, 31, 7, 64, 238, 1),
(1467, 31, 7, 33, 150, 1),
(1468, 31, 7, 45, 191, 0),
(1469, 31, 7, 51, 245, 0),
(1470, 31, 7, 36, 244, 0),
(1471, 31, 7, 81, 204, 0),
(1472, 31, 7, 109, 158, 0),
(1473, 31, 7, 109, 143, 0),
(1474, 31, 7, 93, 123, 0),
(1475, 31, 7, 89, 255, 0),
(1476, 31, 7, 131, 258, 0),
(1477, 31, 7, 133, 278, 0),
(1478, 31, 7, 147, 207, 0),
(1479, 31, 7, 174, 204, 0),
(1480, 31, 3, 439, 159, 1),
(1481, 31, 3, 493, 155, 0),
(1482, 31, 3, 490, 222, 0),
(1483, 31, 3, 373, 205, 0),
(1484, 31, 3, 354, 161, 0),
(1485, 31, 3, 392, 127, 0),
(1486, 30, 6, 22, 206, 0),
(1487, 30, 6, 55, 187, 0),
(1488, 30, 6, 71, 139, 0),
(1489, 30, 6, 66, 111, 0),
(1490, 30, 6, 77, 62, 0),
(1491, 30, 6, 96, 61, 0),
(1492, 30, 6, 123, 131, 0),
(1493, 30, 6, 127, 116, 0),
(1494, 30, 6, 139, 144, 0),
(1495, 30, 6, 155, 231, 0),
(1496, 30, 6, 129, 231, 0),
(1497, 30, 6, 144, 257, 0),
(1498, 30, 9, 460, 159, 1),
(1499, 30, 9, 477, 199, 1),
(1500, 30, 9, 477, 248, 0),
(1501, 30, 9, 353, 239, 0),
(1502, 30, 9, 475, 119, 0),
(1503, 30, 9, 439, 110, 0),
(1504, 30, 9, 434, 102, 0),
(1505, 40, 3, 123, 192, 1),
(1506, 40, 3, 15, 261, 0),
(1507, 40, 3, 61, 269, 0),
(1508, 40, 3, 89, 235, 0),
(1509, 40, 3, 103, 246, 0),
(1510, 40, 3, 126, 234, 0),
(1511, 40, 3, 120, 265, 0),
(1512, 40, 3, 116, 286, 0),
(1513, 40, 3, 144, 269, 0),
(1514, 40, 3, 66, 156, 0),
(1515, 40, 3, 109, 152, 0),
(1516, 40, 3, 111, 164, 0),
(1517, 40, 3, 61, 135, 0),
(1518, 40, 3, 121, 115, 0),
(1519, 40, 9, 517, 226, 0),
(1520, 40, 9, 504, 217, 0),
(1521, 40, 9, 500, 154, 0),
(1522, 40, 9, 502, 107, 0),
(1523, 40, 9, 471, 116, 0),
(1524, 40, 9, 450, 146, 0),
(1525, 40, 9, 391, 163, 0),
(1526, 40, 9, 478, 248, 0),
(1527, 40, 9, 448, 251, 0),
(1528, 40, 9, 416, 264, 0),
(1529, 47, 11, 46, 150, 1),
(1530, 47, 11, 134, 289, 0),
(1531, 47, 11, 155, 118, 0),
(1532, 47, 11, 128, 111, 0),
(1533, 47, 13, 455, 159, 1),
(1534, 47, 13, 477, 56, 1),
(1535, 47, 13, 512, 182, 1),
(1536, 47, 13, 525, 202, 0),
(1537, 47, 13, 482, 187, 0),
(1538, 47, 13, 451, 194, 0),
(1539, 47, 13, 503, 156, 0),
(1540, 47, 13, 510, 133, 0),
(1541, 47, 13, 528, 127, 0),
(1542, 47, 13, 423, 97, 0),
(1543, 47, 13, 392, 142, 0),
(1544, 47, 13, 418, 158, 0),
(1545, 47, 13, 409, 166, 0),
(1546, 47, 13, 409, 183, 0),
(1547, 47, 13, 403, 198, 0),
(1548, 47, 13, 407, 208, 0),
(1549, 47, 13, 389, 222, 0),
(1550, 47, 13, 458, 198, 0),
(1551, 48, 19, 48, 171, 1),
(1552, 48, 19, 51, 200, 0),
(1553, 48, 19, 55, 243, 0),
(1554, 48, 19, 74, 230, 0),
(1555, 48, 19, 110, 208, 0),
(1556, 48, 19, 170, 245, 0),
(1557, 48, 19, 155, 156, 0),
(1558, 48, 19, 99, 138, 0),
(1559, 48, 19, 149, 114, 0),
(1560, 48, 19, 111, 93, 0),
(1561, 48, 19, 83, 121, 0),
(1562, 48, 19, 62, 121, 0),
(1563, 48, 19, 37, 120, 0),
(1564, 48, 19, 32, 97, 0),
(1565, 48, 18, 470, 164, 1),
(1566, 48, 18, 473, 192, 1),
(1567, 48, 18, 464, 208, 0),
(1568, 48, 18, 477, 214, 0),
(1569, 48, 18, 468, 204, 0),
(1570, 48, 18, 443, 214, 0),
(1571, 48, 18, 385, 177, 0),
(1572, 48, 18, 409, 154, 0),
(1573, 48, 18, 493, 141, 0),
(1574, 48, 18, 502, 120, 0),
(1575, 48, 18, 518, 109, 0),
(1576, 48, 18, 468, 109, 0),
(1577, 48, 18, 464, 92, 0),
(1578, 48, 18, 426, 91, 0),
(1579, 42, 12, 61, 240, 0),
(1580, 42, 12, 51, 194, 0),
(1581, 42, 12, 46, 119, 0),
(1582, 42, 12, 57, 109, 0),
(1583, 42, 12, 65, 112, 0),
(1584, 42, 12, 80, 118, 0),
(1585, 42, 12, 97, 92, 0),
(1586, 42, 12, 129, 77, 0),
(1587, 42, 12, 116, 129, 0),
(1588, 42, 12, 145, 143, 0),
(1589, 42, 12, 115, 178, 0),
(1590, 42, 12, 143, 179, 0),
(1591, 42, 12, 163, 199, 0),
(1592, 42, 12, 157, 212, 0),
(1593, 42, 12, 124, 203, 0),
(1594, 42, 12, 117, 219, 0),
(1595, 42, 12, 119, 237, 0),
(1596, 42, 12, 107, 236, 0),
(1597, 42, 17, 510, 138, 0),
(1598, 42, 17, 485, 115, 0),
(1599, 42, 17, 462, 138, 0),
(1600, 42, 17, 443, 120, 0),
(1601, 42, 17, 390, 151, 0),
(1602, 42, 17, 424, 265, 0),
(1603, 45, 8, 58, 230, 1),
(1604, 45, 8, 18, 257, 0),
(1605, 45, 8, 38, 189, 0),
(1606, 45, 8, 65, 176, 0),
(1607, 45, 8, 79, 216, 0),
(1608, 45, 8, 105, 238, 0),
(1609, 45, 8, 133, 209, 0),
(1610, 45, 8, 110, 191, 0),
(1611, 45, 8, 131, 135, 0),
(1612, 45, 8, 150, 127, 0),
(1613, 45, 8, 46, 113, 0),
(1614, 45, 5, 471, 156, 1),
(1615, 45, 5, 501, 151, 0),
(1616, 45, 5, 479, 177, 0),
(1617, 45, 5, 497, 191, 0),
(1618, 45, 5, 496, 206, 0),
(1619, 45, 5, 488, 209, 0),
(1620, 45, 5, 477, 137, 0),
(1621, 45, 5, 464, 139, 0),
(1622, 45, 5, 435, 172, 0),
(1623, 45, 5, 430, 129, 0),
(1624, 45, 5, 396, 75, 0),
(1625, 45, 5, 397, 197, 0),
(1626, 45, 5, 389, 197, 0),
(1627, 45, 5, 386, 222, 0),
(1628, 45, 5, 405, 251, 0),
(1629, 45, 5, 416, 252, 0),
(1630, 43, 1, 15, 191, 1),
(1631, 43, 1, 21, 161, 1),
(1632, 43, 1, 21, 138, 1),
(1633, 43, 1, 53, 247, 1),
(1634, 43, 1, 38, 175, 0),
(1635, 43, 1, 17, 132, 0),
(1636, 43, 1, 70, 158, 0),
(1637, 43, 1, 80, 182, 0),
(1638, 43, 1, 70, 101, 0),
(1639, 43, 1, 84, 234, 0),
(1640, 43, 1, 73, 247, 0),
(1641, 43, 1, 124, 178, 0),
(1642, 43, 1, 125, 152, 0),
(1643, 43, 6, 461, 221, 1),
(1644, 43, 6, 490, 202, 0),
(1645, 43, 6, 495, 168, 0),
(1646, 43, 6, 456, 90, 0),
(1647, 43, 6, 474, 78, 0),
(1648, 43, 6, 455, 238, 0),
(1649, 43, 6, 381, 197, 0),
(1650, 49, 20, 40, 236, 0),
(1651, 49, 20, 82, 232, 0),
(1652, 49, 20, 89, 206, 0),
(1653, 49, 20, 115, 252, 0),
(1654, 49, 20, 154, 168, 0),
(1655, 49, 20, 111, 163, 0),
(1656, 49, 20, 158, 122, 0),
(1657, 49, 20, 137, 94, 0),
(1658, 49, 20, 115, 102, 0),
(1659, 49, 20, 80, 112, 0),
(1660, 49, 20, 84, 125, 0),
(1661, 49, 20, 47, 153, 0),
(1662, 49, 20, 47, 160, 0),
(1663, 49, 20, 25, 94, 0),
(1664, 49, 15, 511, 198, 0),
(1665, 49, 15, 495, 194, 0),
(1666, 49, 15, 492, 209, 0),
(1667, 49, 15, 500, 214, 0),
(1668, 49, 15, 496, 229, 0),
(1669, 49, 15, 510, 248, 0),
(1670, 49, 15, 460, 263, 0),
(1671, 49, 15, 451, 195, 0),
(1672, 49, 15, 487, 171, 0),
(1673, 49, 15, 468, 134, 0),
(1674, 49, 15, 458, 137, 0),
(1675, 49, 15, 417, 132, 0),
(1676, 49, 15, 419, 100, 0),
(1677, 49, 15, 374, 120, 0),
(1678, 49, 15, 382, 150, 0),
(1679, 49, 15, 360, 194, 0),
(1680, 49, 15, 370, 284, 0),
(1681, 41, 2, 42, 213, 0),
(1682, 41, 2, 39, 176, 0),
(1683, 41, 2, 64, 157, 0),
(1684, 41, 2, 71, 192, 0),
(1685, 41, 2, 84, 212, 0),
(1686, 41, 2, 76, 229, 0),
(1687, 41, 2, 84, 151, 0),
(1688, 41, 2, 60, 137, 0),
(1689, 41, 2, 65, 118, 0),
(1690, 41, 2, 120, 115, 0),
(1691, 41, 2, 132, 182, 0),
(1692, 41, 2, 146, 189, 0),
(1693, 41, 2, 108, 202, 0),
(1694, 41, 2, 85, 206, 0),
(1695, 41, 2, 99, 218, 0),
(1696, 41, 2, 97, 251, 0),
(1697, 41, 2, 131, 269, 0),
(1698, 41, 14, 520, 181, 1),
(1699, 41, 14, 443, 244, 1),
(1700, 41, 14, 523, 209, 0),
(1701, 41, 14, 499, 174, 0),
(1702, 41, 14, 488, 166, 0),
(1703, 41, 14, 488, 127, 0),
(1704, 41, 14, 481, 105, 0),
(1705, 41, 14, 480, 97, 0),
(1706, 41, 14, 473, 96, 0),
(1707, 41, 14, 465, 113, 0),
(1708, 41, 14, 452, 175, 0),
(1709, 41, 14, 438, 162, 0),
(1710, 41, 14, 409, 213, 0),
(1711, 41, 14, 423, 270, 0),
(1712, 41, 14, 389, 183, 0),
(1713, 41, 14, 391, 141, 0),
(1714, 41, 14, 415, 122, 0),
(1715, 41, 14, 425, 119, 0),
(1716, 41, 14, 389, 118, 0),
(1717, 41, 14, 267, 62, 0),
(1718, 46, 10, 35, 203, 1),
(1719, 46, 10, 13, 212, 0),
(1720, 46, 10, 15, 223, 0),
(1721, 46, 10, 72, 202, 0),
(1722, 46, 10, 54, 123, 0),
(1723, 46, 10, 100, 104, 0),
(1724, 46, 10, 100, 86, 0),
(1725, 46, 10, 148, 160, 0),
(1726, 46, 10, 121, 184, 0),
(1727, 46, 10, 129, 205, 0),
(1728, 46, 10, 111, 207, 0),
(1729, 46, 7, 484, 193, 0),
(1730, 46, 7, 465, 230, 0),
(1731, 46, 7, 456, 229, 0),
(1732, 46, 7, 427, 259, 0),
(1733, 46, 7, 391, 205, 0),
(1734, 46, 7, 399, 163, 0),
(1735, 46, 7, 373, 163, 0),
(1736, 46, 7, 385, 128, 0),
(1737, 46, 7, 401, 115, 0),
(1738, 44, 4, 26, 207, 0),
(1739, 44, 4, 19, 198, 0),
(1740, 44, 4, 21, 186, 0),
(1741, 44, 4, 36, 167, 0),
(1742, 44, 4, 17, 157, 0),
(1743, 44, 4, 35, 146, 0),
(1744, 44, 4, 51, 199, 0),
(1745, 44, 4, 53, 186, 0),
(1746, 44, 4, 72, 190, 0),
(1747, 44, 4, 67, 209, 0),
(1748, 44, 4, 83, 150, 0),
(1749, 44, 4, 126, 126, 0),
(1750, 44, 4, 144, 136, 0),
(1751, 44, 4, 141, 169, 0),
(1752, 44, 4, 131, 235, 0),
(1753, 44, 4, 109, 250, 0),
(1754, 44, 4, 149, 290, 0),
(1755, 44, 16, 519, 152, 0),
(1756, 44, 4, 501, 131, 0),
(1757, 44, 4, 490, 159, 0),
(1758, 44, 4, 463, 97, 0),
(1759, 44, 4, 414, 116, 0),
(1760, 44, 4, 408, 131, 0),
(1761, 44, 4, 413, 143, 0),
(1762, 44, 4, 413, 159, 0),
(1763, 44, 4, 467, 257, 0),
(1764, 44, 4, 409, 218, 0),
(1765, 44, 4, 388, 215, 0),
(1766, 44, 4, 387, 246, 0),
(1767, 60, 19, 78, 181, 1),
(1768, 60, 19, 60, 201, 0),
(1769, 60, 19, 65, 197, 0),
(1770, 60, 19, 61, 184, 0),
(1771, 60, 19, 32, 197, 0),
(1772, 60, 19, 67, 258, 0),
(1773, 60, 19, 77, 261, 0),
(1774, 60, 19, 69, 118, 0),
(1775, 60, 19, 79, 107, 0),
(1776, 60, 19, 119, 137, 0),
(1777, 60, 19, 131, 131, 0),
(1778, 60, 19, 181, 180, 0),
(1779, 60, 15, 513, 114, 0),
(1780, 60, 15, 504, 106, 0),
(1781, 60, 15, 490, 170, 0),
(1782, 60, 15, 472, 163, 0),
(1783, 60, 15, 461, 180, 0),
(1784, 60, 15, 457, 176, 0),
(1785, 60, 15, 420, 114, 0),
(1786, 60, 15, 392, 194, 0),
(1787, 60, 15, 388, 190, 0),
(1788, 60, 15, 388, 199, 0),
(1789, 60, 15, 408, 201, 0),
(1790, 60, 15, 406, 240, 0),
(1791, 60, 15, 391, 238, 0),
(1792, 65, 11, 50, 196, 1),
(1793, 65, 11, 39, 183, 1),
(1794, 65, 11, 21, 156, 1),
(1795, 65, 11, 72, 181, 1),
(1796, 65, 11, 120, 119, 1),
(1797, 65, 11, 15, 190, 0),
(1798, 65, 11, 35, 194, 0),
(1799, 65, 11, 13, 143, 0),
(1800, 65, 11, 26, 93, 0),
(1801, 65, 11, 55, 115, 0),
(1802, 65, 11, 57, 149, 0),
(1803, 65, 11, 45, 237, 0),
(1804, 65, 11, 63, 234, 0),
(1805, 65, 11, 83, 239, 0),
(1806, 65, 11, 120, 237, 0),
(1807, 65, 11, 124, 176, 0),
(1808, 65, 11, 99, 151, 0),
(1809, 65, 11, 107, 109, 0),
(1810, 65, 11, 133, 113, 0),
(1811, 65, 16, 495, 118, 0),
(1812, 65, 16, 471, 101, 0),
(1813, 65, 16, 471, 201, 0),
(1814, 65, 16, 463, 214, 0),
(1815, 65, 16, 467, 243, 0),
(1816, 65, 16, 390, 207, 0),
(1817, 65, 16, 350, 154, 0),
(1818, 64, 5, 33, 156, 1),
(1819, 64, 5, 36, 139, 1),
(1820, 64, 5, 39, 180, 0),
(1821, 64, 5, 38, 192, 0),
(1822, 64, 5, 59, 118, 0),
(1823, 64, 5, 53, 212, 0),
(1824, 64, 5, 59, 213, 0),
(1825, 64, 5, 75, 228, 0),
(1826, 64, 5, 93, 241, 0),
(1827, 64, 5, 89, 270, 0),
(1828, 64, 5, 130, 201, 0),
(1829, 64, 5, 184, 109, 0),
(1830, 64, 7, 490, 165, 1),
(1831, 64, 7, 490, 146, 0),
(1832, 64, 7, 483, 153, 0),
(1833, 64, 7, 491, 183, 0),
(1834, 64, 7, 491, 194, 0),
(1835, 64, 7, 463, 199, 0),
(1836, 64, 7, 470, 202, 0),
(1837, 64, 7, 469, 149, 0),
(1838, 64, 7, 452, 129, 0),
(1839, 64, 7, 427, 120, 0),
(1840, 64, 7, 437, 168, 0),
(1841, 64, 7, 438, 201, 0),
(1842, 64, 7, 432, 204, 0),
(1843, 64, 7, 435, 212, 0),
(1844, 64, 7, 462, 228, 0),
(1845, 64, 7, 465, 237, 0),
(1846, 64, 7, 458, 243, 0),
(1847, 64, 7, 456, 262, 0),
(1848, 64, 7, 418, 251, 0),
(1849, 64, 7, 404, 223, 0),
(1850, 64, 7, 402, 202, 0),
(1851, 64, 7, 399, 193, 0),
(1852, 69, 1, 54, 188, 1),
(1853, 69, 1, 21, 162, 1),
(1854, 69, 1, 17, 143, 0),
(1855, 69, 1, 24, 194, 0),
(1856, 69, 1, 114, 198, 0),
(1857, 69, 1, 118, 223, 0),
(1858, 69, 1, 132, 205, 0),
(1859, 69, 10, 525, 173, 1),
(1860, 69, 10, 499, 151, 1),
(1861, 69, 10, 498, 106, 0),
(1862, 69, 10, 494, 205, 0),
(1863, 69, 10, 485, 197, 0),
(1864, 69, 10, 486, 260, 0),
(1865, 69, 10, 466, 259, 0),
(1866, 69, 10, 463, 248, 0),
(1867, 69, 10, 461, 245, 0),
(1868, 69, 10, 457, 241, 0),
(1869, 69, 10, 437, 178, 0),
(1870, 69, 10, 422, 146, 0),
(1871, 69, 10, 421, 126, 0),
(1872, 69, 10, 405, 153, 0),
(1873, 69, 10, 381, 165, 0),
(1874, 69, 10, 408, 205, 0),
(1875, 63, 2, 44, 153, 1),
(1876, 63, 2, 30, 148, 0),
(1877, 63, 2, 13, 208, 0),
(1878, 63, 2, 24, 229, 0),
(1879, 63, 2, 48, 241, 0),
(1880, 63, 2, 79, 243, 0),
(1881, 63, 2, 100, 234, 0),
(1882, 63, 2, 138, 178, 0),
(1883, 63, 2, 132, 169, 0),
(1884, 63, 2, 66, 126, 0),
(1885, 63, 9, 492, 169, 1),
(1886, 63, 9, 429, 145, 1),
(1887, 63, 9, 507, 145, 0),
(1888, 63, 9, 510, 102, 0),
(1889, 63, 9, 508, 229, 0),
(1890, 63, 9, 487, 141, 0),
(1891, 63, 9, 476, 180, 0),
(1892, 63, 9, 475, 156, 0),
(1893, 63, 9, 459, 159, 0),
(1894, 63, 9, 458, 165, 0),
(1895, 63, 9, 471, 244, 0),
(1896, 63, 9, 460, 234, 0),
(1897, 63, 9, 450, 120, 0),
(1898, 63, 9, 447, 221, 0),
(1899, 63, 9, 443, 223, 0),
(1900, 63, 9, 437, 243, 0),
(1901, 63, 9, 437, 251, 0),
(1902, 63, 9, 424, 283, 0),
(1903, 63, 9, 428, 180, 0),
(1904, 63, 9, 389, 164, 0),
(1905, 63, 9, 391, 140, 0),
(1906, 63, 9, 393, 133, 0),
(1907, 68, 12, 9, 147, 0),
(1908, 68, 12, 52, 192, 0),
(1909, 68, 12, 57, 149, 0),
(1910, 68, 12, 71, 140, 0),
(1911, 68, 12, 94, 167, 0),
(1912, 68, 12, 94, 180, 0),
(1913, 68, 12, 82, 292, 0),
(1914, 68, 12, 110, 261, 0),
(1915, 68, 12, 123, 250, 0),
(1916, 68, 12, 108, 205, 0),
(1917, 68, 12, 131, 213, 0),
(1918, 68, 12, 133, 227, 0),
(1919, 68, 12, 136, 184, 0),
(1920, 68, 12, 140, 154, 0),
(1921, 68, 12, 119, 155, 0),
(1922, 68, 12, 113, 133, 0),
(1923, 68, 14, 497, 162, 1),
(1924, 68, 14, 405, 188, 1),
(1925, 68, 14, 438, 184, 0),
(1926, 68, 14, 454, 191, 0),
(1927, 68, 14, 474, 254, 0),
(1928, 68, 14, 517, 124, 0),
(1929, 68, 14, 471, 129, 0);
INSERT INTO `shots` (`id_shot`, `id_match`, `id_team`, `x`, `y`, `scored`) VALUES
(1930, 68, 14, 463, 104, 0),
(1931, 68, 14, 423, 131, 0),
(1932, 68, 14, 377, 113, 0),
(1933, 68, 14, 421, 254, 0),
(1934, 62, 13, 8, 144, 1),
(1935, 62, 13, 33, 229, 1),
(1936, 62, 13, 9, 237, 0),
(1937, 62, 13, 22, 251, 0),
(1938, 62, 13, 16, 269, 0),
(1939, 62, 13, 35, 251, 0),
(1940, 62, 13, 13, 137, 0),
(1941, 62, 13, 18, 134, 0),
(1942, 62, 13, 34, 167, 0),
(1943, 62, 13, 40, 197, 0),
(1944, 62, 13, 51, 149, 0),
(1945, 62, 13, 51, 176, 0),
(1946, 62, 13, 60, 107, 0),
(1947, 62, 13, 76, 223, 0),
(1948, 62, 13, 85, 223, 0),
(1949, 62, 13, 87, 239, 0),
(1950, 62, 13, 92, 253, 0),
(1951, 62, 13, 94, 278, 0),
(1952, 62, 13, 104, 253, 0),
(1953, 62, 13, 124, 225, 0),
(1954, 62, 13, 117, 214, 0),
(1955, 62, 13, 106, 208, 0),
(1956, 62, 13, 103, 208, 0),
(1957, 62, 13, 222, 289, 0),
(1958, 62, 4, 488, 137, 0),
(1959, 62, 4, 413, 142, 0),
(1960, 62, 4, 404, 206, 0),
(1961, 62, 4, 376, 247, 0),
(1962, 66, 17, 3, 166, 1),
(1963, 66, 17, 11, 194, 0),
(1964, 66, 17, 43, 198, 0),
(1965, 66, 17, 67, 213, 0),
(1966, 66, 17, 47, 229, 0),
(1967, 66, 17, 61, 176, 0),
(1968, 66, 17, 76, 173, 0),
(1969, 66, 17, 76, 179, 0),
(1970, 66, 17, 108, 153, 0),
(1971, 66, 17, 114, 144, 0),
(1972, 66, 17, 116, 144, 0),
(1973, 66, 17, 117, 125, 0),
(1974, 66, 17, 141, 110, 0),
(1975, 66, 17, 158, 79, 0),
(1976, 66, 17, 168, 171, 0),
(1977, 66, 17, 162, 179, 0),
(1978, 66, 17, 112, 266, 0),
(1979, 66, 17, 118, 275, 0),
(1980, 66, 6, 455, 139, 1),
(1981, 66, 6, 499, 201, 0),
(1982, 66, 6, 494, 250, 0),
(1983, 66, 6, 481, 242, 0),
(1984, 66, 6, 465, 262, 0),
(1985, 66, 6, 445, 171, 0),
(1986, 66, 6, 436, 171, 0),
(1987, 66, 6, 492, 127, 0),
(1988, 66, 6, 459, 98, 0),
(1989, 66, 6, 392, 125, 0),
(1990, 66, 6, 372, 205, 0),
(1991, 66, 6, 351, 226, 0),
(1992, 67, 18, 21, 183, 1),
(1993, 67, 18, 53, 226, 1),
(1994, 67, 18, 37, 237, 0),
(1995, 67, 18, 15, 232, 0),
(1996, 67, 18, 47, 188, 0),
(1997, 67, 18, 21, 137, 0),
(1998, 67, 18, 67, 222, 0),
(1999, 67, 18, 83, 203, 0),
(2000, 67, 18, 116, 186, 0),
(2001, 67, 18, 112, 177, 0),
(2002, 67, 18, 89, 161, 0),
(2003, 67, 18, 64, 123, 0),
(2004, 67, 20, 527, 174, 1),
(2005, 67, 20, 520, 174, 0),
(2006, 67, 20, 518, 195, 0),
(2007, 67, 20, 500, 109, 0),
(2008, 67, 20, 495, 101, 0),
(2009, 67, 20, 483, 177, 0),
(2010, 67, 20, 475, 179, 0),
(2011, 67, 20, 479, 243, 0),
(2012, 67, 20, 459, 239, 0),
(2013, 67, 20, 465, 214, 0),
(2014, 67, 20, 465, 184, 0),
(2015, 67, 20, 455, 148, 0),
(2016, 67, 20, 461, 109, 0),
(2017, 67, 20, 404, 122, 0),
(2018, 67, 20, 402, 103, 0),
(2019, 67, 20, 388, 107, 0),
(2020, 67, 20, 401, 195, 0),
(2021, 67, 20, 430, 257, 0),
(2022, 85, 2, 73, 320, 0),
(2023, 85, 2, 58, 220, 0),
(2024, 85, 2, 80, 177, 0),
(2025, 85, 2, 136, 276, 0),
(2026, 85, 2, 128, 192, 0),
(2027, 85, 2, 131, 185, 0),
(2028, 85, 2, 128, 150, 0),
(2029, 85, 2, 111, 132, 0),
(2030, 85, 2, 139, 128, 0),
(2031, 85, 2, 57, 238, 0),
(2032, 85, 7, 484, 205, 1),
(2033, 85, 7, 511, 183, 1),
(2034, 85, 7, 484, 185, 0),
(2035, 85, 7, 502, 117, 0),
(2036, 85, 7, 468, 116, 0),
(2037, 85, 7, 452, 169, 0),
(2038, 85, 7, 455, 177, 0),
(2039, 85, 7, 456, 193, 0),
(2040, 85, 7, 435, 225, 0),
(2041, 85, 7, 395, 216, 0),
(2042, 85, 7, 395, 202, 0),
(2043, 85, 7, 405, 193, 0),
(2044, 85, 7, 427, 143, 0),
(2045, 82, 5, 46, 189, 1),
(2046, 82, 5, 25, 176, 1),
(2047, 82, 5, 11, 219, 0),
(2048, 82, 5, 37, 196, 0),
(2049, 82, 5, 19, 158, 0),
(2050, 82, 5, 45, 166, 0),
(2051, 82, 5, 54, 161, 0),
(2052, 82, 5, 43, 125, 0),
(2053, 82, 5, 59, 202, 0),
(2054, 82, 5, 70, 229, 0),
(2055, 82, 5, 110, 185, 0),
(2056, 82, 5, 122, 195, 0),
(2057, 82, 5, 133, 194, 0),
(2058, 82, 5, 145, 167, 0),
(2059, 82, 5, 147, 150, 0),
(2060, 82, 5, 166, 161, 0),
(2061, 82, 5, 108, 145, 0),
(2062, 82, 5, 115, 130, 0),
(2063, 82, 5, 130, 137, 0),
(2064, 82, 5, 117, 152, 0),
(2065, 82, 20, 472, 131, 1),
(2066, 82, 20, 487, 205, 0),
(2067, 82, 20, 491, 211, 0),
(2068, 82, 20, 445, 228, 0),
(2069, 82, 20, 431, 216, 0),
(2070, 82, 20, 388, 216, 0),
(2071, 82, 20, 421, 154, 0),
(2072, 82, 20, 426, 123, 0),
(2073, 82, 20, 432, 90, 0),
(2074, 82, 20, 376, 125, 0),
(2075, 83, 12, 56, 211, 0),
(2076, 83, 12, 52, 196, 0),
(2077, 83, 12, 42, 189, 0),
(2078, 83, 12, 45, 156, 0),
(2079, 83, 12, 55, 151, 0),
(2080, 83, 12, 63, 127, 0),
(2081, 83, 12, 68, 136, 0),
(2082, 83, 12, 39, 124, 0),
(2083, 83, 12, 39, 108, 0),
(2084, 83, 12, 80, 99, 0),
(2085, 83, 12, 94, 117, 0),
(2086, 83, 12, 136, 125, 0),
(2087, 83, 12, 161, 184, 0),
(2088, 83, 12, 122, 202, 0),
(2089, 83, 12, 141, 228, 0),
(2090, 83, 12, 137, 230, 0),
(2091, 83, 12, 120, 251, 0),
(2092, 83, 12, 109, 253, 0),
(2093, 83, 8, 478, 175, 0),
(2094, 83, 8, 466, 209, 0),
(2095, 83, 8, 469, 167, 0),
(2096, 83, 8, 454, 139, 0),
(2097, 83, 8, 422, 164, 0),
(2098, 83, 8, 444, 197, 0),
(2099, 83, 8, 428, 212, 0),
(2100, 83, 8, 400, 260, 0),
(2101, 83, 8, 369, 252, 0),
(2102, 84, 1, 47, 209, 1),
(2103, 84, 1, 39, 209, 0),
(2104, 84, 1, 36, 210, 0),
(2105, 84, 1, 26, 217, 0),
(2106, 84, 1, 20, 185, 0),
(2107, 84, 1, 23, 148, 0),
(2108, 84, 1, 32, 136, 0),
(2109, 84, 1, 51, 187, 0),
(2110, 84, 1, 55, 160, 0),
(2111, 84, 1, 62, 134, 0),
(2112, 84, 1, 74, 154, 0),
(2113, 84, 1, 49, 217, 0),
(2114, 84, 1, 74, 218, 0),
(2115, 84, 1, 78, 247, 0),
(2116, 84, 1, 91, 229, 0),
(2117, 84, 1, 125, 160, 0),
(2118, 84, 1, 129, 149, 0),
(2119, 84, 1, 113, 140, 0),
(2120, 84, 1, 117, 132, 0),
(2121, 84, 1, 108, 111, 0),
(2122, 84, 3, 457, 131, 0),
(2123, 84, 3, 408, 121, 0),
(2124, 84, 3, 410, 206, 0),
(2125, 84, 3, 395, 207, 0),
(2126, 84, 3, 429, 236, 0),
(2127, 84, 3, 461, 248, 0),
(2128, 88, 19, 24, 196, 1),
(2129, 88, 19, 61, 227, 1),
(2130, 88, 19, 53, 252, 0),
(2131, 88, 19, 25, 263, 0),
(2132, 88, 19, 57, 209, 0),
(2133, 88, 19, 63, 209, 0),
(2134, 88, 19, 95, 187, 0),
(2135, 88, 19, 126, 222, 0),
(2136, 88, 19, 105, 123, 0),
(2137, 88, 19, 131, 108, 0),
(2138, 88, 19, 192, 104, 0),
(2139, 88, 10, 495, 158, 1),
(2140, 88, 10, 487, 157, 1),
(2141, 88, 10, 492, 175, 1),
(2142, 88, 10, 470, 251, 1),
(2143, 88, 10, 408, 185, 1),
(2144, 88, 10, 459, 212, 0),
(2145, 88, 10, 430, 248, 0),
(2146, 88, 10, 401, 250, 0),
(2147, 88, 10, 487, 167, 0),
(2148, 88, 10, 510, 153, 0),
(2149, 88, 10, 457, 114, 0),
(2150, 88, 10, 492, 67, 0),
(2151, 87, 18, 49, 267, 0),
(2152, 87, 18, 103, 240, 0),
(2153, 87, 18, 102, 189, 0),
(2154, 87, 18, 62, 141, 0),
(2155, 87, 18, 119, 119, 0),
(2156, 87, 14, 403, 138, 1),
(2157, 87, 14, 521, 152, 0),
(2158, 87, 14, 497, 142, 0),
(2159, 87, 14, 488, 208, 0),
(2160, 87, 14, 465, 246, 0),
(2161, 87, 14, 452, 243, 0),
(2162, 87, 14, 455, 188, 0),
(2163, 87, 14, 440, 134, 0),
(2164, 87, 14, 397, 124, 0),
(2165, 87, 14, 425, 203, 0),
(2166, 87, 14, 413, 200, 0),
(2167, 87, 14, 397, 197, 0),
(2168, 87, 14, 426, 253, 0),
(2169, 87, 14, 406, 270, 0),
(2170, 89, 11, 31, 178, 1),
(2171, 89, 11, 27, 165, 1),
(2172, 89, 11, 24, 143, 0),
(2173, 89, 11, 9, 143, 0),
(2174, 89, 11, 12, 219, 0),
(2175, 89, 11, 44, 203, 0),
(2176, 89, 11, 39, 184, 0),
(2177, 89, 11, 103, 171, 0),
(2178, 89, 11, 118, 279, 0),
(2179, 89, 4, 497, 227, 0),
(2180, 89, 4, 474, 189, 0),
(2181, 89, 4, 487, 158, 0),
(2182, 89, 4, 472, 137, 0),
(2183, 89, 4, 418, 123, 0),
(2184, 89, 4, 419, 106, 0),
(2185, 89, 4, 412, 93, 0),
(2186, 89, 4, 393, 131, 0),
(2187, 89, 4, 460, 200, 0),
(2188, 89, 4, 450, 206, 0),
(2189, 89, 4, 429, 210, 0),
(2190, 89, 4, 415, 196, 0),
(2191, 89, 4, 404, 199, 0),
(2192, 89, 4, 403, 212, 0),
(2193, 89, 4, 399, 219, 0),
(2194, 89, 4, 376, 212, 0),
(2195, 80, 15, 41, 168, 1),
(2196, 80, 15, 50, 175, 1),
(2197, 80, 15, 14, 194, 1),
(2198, 80, 15, 51, 221, 1),
(2199, 80, 15, 66, 238, 1),
(2200, 80, 6, 511, 135, 0),
(2201, 80, 6, 503, 104, 0),
(2202, 80, 6, 482, 115, 0),
(2203, 80, 6, 497, 156, 0),
(2204, 80, 6, 470, 254, 0),
(2205, 80, 6, 400, 227, 0),
(2206, 80, 6, 408, 193, 0),
(2207, 80, 6, 426, 107, 0),
(2208, 86, 17, 28, 122, 0),
(2209, 86, 17, 32, 145, 0),
(2210, 86, 17, 78, 166, 0),
(2211, 86, 17, 77, 187, 0),
(2212, 86, 17, 68, 212, 0),
(2213, 86, 17, 62, 244, 0),
(2214, 86, 17, 67, 256, 0),
(2215, 86, 17, 112, 231, 0),
(2216, 86, 17, 123, 245, 0),
(2217, 86, 17, 103, 178, 0),
(2218, 86, 17, 121, 144, 0),
(2219, 86, 17, 116, 124, 0),
(2220, 86, 17, 156, 140, 0),
(2221, 86, 17, 200, 225, 0),
(2222, 86, 16, 493, 141, 1),
(2223, 86, 16, 511, 165, 0),
(2224, 86, 16, 510, 120, 0),
(2225, 86, 16, 488, 143, 0),
(2226, 86, 16, 462, 193, 0),
(2227, 86, 16, 460, 135, 0),
(2228, 86, 16, 402, 130, 0),
(2229, 86, 16, 408, 128, 0),
(2230, 86, 16, 408, 124, 0),
(2231, 86, 16, 404, 154, 0),
(2232, 86, 16, 397, 174, 0),
(2233, 86, 16, 401, 218, 0),
(2234, 86, 16, 426, 219, 0),
(2235, 86, 16, 419, 253, 0),
(2236, 81, 13, 15, 151, 0),
(2237, 81, 13, 30, 217, 0),
(2238, 81, 13, 22, 241, 0),
(2239, 81, 13, 63, 198, 0),
(2240, 81, 13, 67, 245, 0),
(2241, 81, 13, 66, 269, 0),
(2242, 81, 13, 101, 225, 0),
(2243, 81, 13, 106, 255, 0),
(2244, 81, 13, 113, 252, 0),
(2245, 81, 13, 117, 270, 0),
(2246, 81, 13, 135, 216, 0),
(2247, 81, 13, 95, 189, 0),
(2248, 81, 13, 62, 106, 0),
(2249, 81, 9, 517, 258, 0),
(2250, 81, 9, 512, 259, 0),
(2251, 81, 9, 503, 243, 0),
(2252, 81, 9, 500, 228, 0),
(2253, 81, 9, 474, 152, 0),
(2254, 81, 9, 418, 116, 0),
(2255, 81, 9, 437, 185, 0),
(2256, 81, 9, 423, 190, 0),
(2257, 81, 9, 409, 199, 0),
(2258, 81, 9, 423, 234, 0),
(2259, 81, 9, 413, 279, 0),
(2260, 109, 20, 62, 160, 0),
(2261, 109, 20, 62, 142, 0),
(2262, 109, 20, 80, 92, 0),
(2263, 109, 20, 116, 112, 0),
(2264, 109, 20, 158, 133, 0),
(2265, 109, 20, 100, 167, 0),
(2266, 109, 20, 130, 200, 0),
(2267, 109, 20, 105, 243, 0),
(2268, 109, 20, 142, 253, 0),
(2269, 109, 9, 505, 168, 1),
(2270, 109, 9, 443, 171, 1),
(2271, 109, 9, 503, 138, 0),
(2272, 109, 9, 496, 183, 0),
(2273, 109, 9, 501, 208, 0),
(2274, 109, 9, 512, 218, 0),
(2275, 109, 9, 490, 245, 0),
(2276, 109, 9, 466, 126, 0),
(2277, 109, 9, 443, 145, 0),
(2278, 109, 9, 436, 176, 0),
(2279, 109, 9, 436, 183, 0),
(2280, 109, 9, 445, 229, 0),
(2281, 109, 9, 429, 250, 0),
(2282, 109, 9, 415, 248, 0),
(2283, 109, 9, 415, 158, 0),
(2284, 109, 9, 376, 159, 0),
(2285, 109, 9, 388, 194, 0),
(2286, 105, 15, 8, 188, 1),
(2287, 105, 15, 25, 220, 1),
(2288, 105, 15, 112, 168, 1),
(2289, 105, 15, 163, 175, 1),
(2290, 105, 15, 37, 187, 0),
(2291, 105, 15, 15, 135, 0),
(2292, 105, 15, 34, 124, 0),
(2293, 105, 15, 53, 166, 0),
(2294, 105, 15, 72, 172, 0),
(2295, 105, 15, 56, 256, 0),
(2296, 105, 15, 117, 218, 0),
(2297, 105, 15, 135, 145, 0),
(2298, 105, 15, 104, 121, 0),
(2299, 105, 15, 167, 146, 0),
(2300, 105, 15, 168, 167, 0),
(2301, 105, 5, 493, 185, 1),
(2302, 105, 5, 499, 161, 0),
(2303, 105, 5, 505, 150, 0),
(2304, 105, 5, 486, 178, 0),
(2305, 105, 5, 479, 174, 0),
(2306, 105, 5, 498, 220, 0),
(2307, 105, 5, 475, 129, 0),
(2308, 105, 5, 469, 111, 0),
(2309, 105, 5, 450, 128, 0),
(2310, 105, 5, 422, 118, 0),
(2311, 105, 5, 442, 165, 0),
(2312, 105, 5, 459, 204, 0),
(2313, 105, 5, 463, 221, 0),
(2314, 108, 18, 9, 167, 1),
(2315, 108, 18, 15, 151, 1),
(2316, 108, 18, 27, 134, 0),
(2317, 108, 18, 22, 177, 0),
(2318, 108, 18, 36, 152, 0),
(2319, 108, 18, 48, 152, 0),
(2320, 108, 18, 59, 137, 0),
(2321, 108, 18, 60, 187, 0),
(2322, 108, 18, 62, 234, 0),
(2323, 108, 18, 58, 311, 0),
(2324, 108, 18, 98, 198, 0),
(2325, 108, 18, 107, 238, 0),
(2326, 108, 18, 104, 259, 0),
(2327, 108, 18, 119, 238, 0),
(2328, 108, 18, 119, 228, 0),
(2329, 108, 18, 139, 205, 0),
(2330, 108, 18, 152, 196, 0),
(2331, 108, 18, 119, 125, 0),
(2332, 108, 18, 134, 126, 0),
(2333, 108, 4, 480, 248, 1),
(2334, 108, 4, 478, 261, 0),
(2335, 108, 4, 477, 197, 0),
(2336, 108, 4, 465, 181, 0),
(2337, 108, 4, 467, 169, 0),
(2338, 108, 4, 474, 158, 0),
(2339, 108, 4, 478, 115, 0),
(2340, 108, 4, 465, 106, 0),
(2341, 108, 4, 380, 143, 0),
(2342, 100, 12, 24, 173, 0),
(2343, 100, 12, 44, 150, 0),
(2344, 100, 12, 50, 201, 0),
(2345, 100, 12, 57, 201, 0),
(2346, 100, 12, 73, 228, 0),
(2347, 100, 12, 94, 196, 0),
(2348, 100, 12, 129, 244, 0),
(2349, 100, 12, 126, 203, 0),
(2350, 100, 12, 132, 177, 0),
(2351, 100, 12, 127, 104, 0),
(2352, 100, 12, 118, 104, 0),
(2353, 100, 12, 75, 101, 0),
(2354, 100, 10, 454, 178, 1),
(2355, 100, 10, 456, 216, 1),
(2356, 100, 10, 450, 167, 0),
(2357, 100, 10, 438, 176, 0),
(2358, 100, 10, 427, 159, 0),
(2359, 100, 10, 426, 141, 0),
(2360, 100, 10, 416, 96, 0),
(2361, 100, 10, 410, 219, 0),
(2362, 100, 10, 409, 245, 0),
(2363, 106, 17, 117, 178, 1),
(2364, 106, 17, 45, 103, 0),
(2365, 106, 17, 52, 102, 0),
(2366, 106, 17, 124, 187, 0),
(2367, 106, 17, 113, 249, 0),
(2368, 106, 17, 165, 180, 0),
(2369, 106, 17, 137, 139, 0),
(2370, 106, 17, 130, 112, 0),
(2371, 106, 8, 391, 190, 0),
(2372, 106, 8, 397, 177, 0),
(2373, 106, 8, 397, 144, 0),
(2374, 106, 8, 424, 156, 0),
(2375, 106, 8, 456, 153, 0),
(2376, 106, 8, 480, 179, 0),
(2377, 106, 8, 462, 161, 0),
(2378, 106, 8, 497, 197, 0),
(2379, 106, 8, 497, 210, 0),
(2380, 106, 8, 486, 210, 0),
(2381, 106, 8, 513, 188, 0),
(2382, 106, 8, 496, 110, 0),
(2383, 106, 8, 500, 94, 0),
(2384, 103, 6, 38, 174, 1),
(2385, 103, 6, 78, 143, 1),
(2386, 103, 6, 35, 141, 0),
(2387, 103, 6, 65, 178, 0),
(2388, 103, 6, 69, 198, 0),
(2389, 103, 6, 82, 240, 0),
(2390, 103, 6, 127, 231, 0),
(2391, 103, 6, 132, 228, 0),
(2392, 103, 6, 159, 162, 0),
(2393, 103, 6, 166, 139, 0),
(2394, 103, 6, 151, 122, 0),
(2395, 103, 7, 487, 206, 1),
(2396, 103, 7, 499, 217, 0),
(2397, 103, 7, 470, 254, 0),
(2398, 103, 7, 468, 265, 0),
(2399, 103, 7, 417, 235, 0),
(2400, 103, 7, 395, 238, 0),
(2401, 103, 7, 460, 209, 0),
(2402, 103, 7, 466, 191, 0),
(2403, 103, 7, 448, 209, 0),
(2404, 103, 7, 426, 182, 0),
(2405, 103, 7, 455, 139, 0),
(2406, 103, 7, 488, 114, 0),
(2407, 103, 7, 486, 109, 0),
(2408, 103, 7, 470, 100, 0),
(2409, 103, 7, 404, 141, 0),
(2410, 103, 7, 391, 123, 0),
(2411, 103, 7, 374, 117, 0),
(2412, 107, 19, 109, 208, 1),
(2413, 107, 19, 38, 187, 0),
(2414, 107, 19, 45, 169, 0),
(2415, 107, 19, 71, 225, 0),
(2416, 107, 19, 141, 247, 0),
(2417, 107, 19, 138, 146, 0),
(2418, 107, 1, 469, 217, 1),
(2419, 107, 1, 472, 205, 0),
(2420, 107, 1, 481, 157, 0),
(2421, 107, 1, 470, 92, 0),
(2422, 107, 1, 426, 104, 0),
(2423, 107, 1, 490, 263, 0),
(2424, 104, 13, 4, 186, 1),
(2425, 104, 13, 61, 190, 1),
(2426, 104, 13, 68, 126, 1),
(2427, 104, 13, 40, 128, 0),
(2428, 104, 13, 34, 195, 0),
(2429, 104, 13, 47, 233, 0),
(2430, 104, 13, 30, 248, 0),
(2431, 104, 13, 48, 255, 0),
(2432, 104, 13, 55, 256, 0),
(2433, 104, 13, 67, 252, 0),
(2434, 104, 13, 77, 257, 0),
(2435, 104, 13, 83, 258, 0),
(2436, 104, 13, 83, 252, 0),
(2437, 104, 13, 69, 211, 0),
(2438, 104, 13, 67, 214, 0),
(2439, 104, 13, 80, 180, 0),
(2440, 104, 13, 98, 201, 0),
(2441, 104, 13, 101, 211, 0),
(2442, 104, 13, 97, 238, 0),
(2443, 104, 13, 103, 264, 0),
(2444, 104, 13, 125, 259, 0),
(2445, 104, 13, 115, 216, 0),
(2446, 104, 13, 115, 209, 0),
(2447, 104, 13, 114, 149, 0),
(2448, 104, 13, 164, 223, 0),
(2449, 104, 13, 2, 351, 0),
(2450, 104, 16, 482, 191, 1),
(2451, 104, 16, 483, 152, 0),
(2452, 104, 16, 494, 74, 0),
(2453, 104, 16, 464, 167, 0),
(2454, 104, 16, 405, 157, 0),
(2455, 104, 16, 389, 208, 0),
(2456, 104, 16, 428, 224, 0),
(2457, 101, 14, 59, 225, 1),
(2458, 101, 14, 47, 201, 0),
(2459, 101, 14, 41, 174, 0),
(2460, 101, 14, 54, 113, 0),
(2461, 101, 14, 64, 236, 0),
(2462, 101, 14, 70, 214, 0),
(2463, 101, 14, 77, 206, 0),
(2464, 101, 14, 82, 196, 0),
(2465, 101, 14, 77, 153, 0),
(2466, 101, 14, 84, 116, 0),
(2467, 101, 14, 74, 82, 0),
(2468, 101, 14, 96, 219, 0),
(2469, 101, 14, 130, 225, 0),
(2470, 101, 14, 132, 201, 0),
(2471, 101, 14, 133, 171, 0),
(2472, 101, 3, 501, 134, 0),
(2473, 101, 3, 478, 142, 0),
(2474, 101, 3, 465, 127, 0),
(2475, 101, 3, 456, 82, 0),
(2476, 101, 3, 479, 201, 0),
(2477, 101, 3, 488, 251, 0),
(2478, 101, 3, 413, 241, 0),
(2479, 101, 3, 397, 240, 0),
(2480, 101, 3, 400, 199, 0),
(2481, 101, 3, 390, 158, 0),
(2482, 102, 2, 64, 244, 1),
(2483, 102, 2, 64, 239, 0),
(2484, 102, 2, 63, 231, 0),
(2485, 102, 2, 68, 216, 0),
(2486, 102, 2, 44, 151, 0),
(2487, 102, 2, 56, 147, 0),
(2488, 102, 2, 47, 107, 0),
(2489, 102, 2, 93, 189, 0),
(2490, 102, 2, 112, 249, 0),
(2491, 102, 2, 125, 238, 0),
(2492, 102, 2, 130, 236, 0),
(2493, 102, 2, 133, 253, 0),
(2494, 102, 2, 134, 197, 0),
(2495, 102, 2, 148, 200, 0),
(2496, 102, 2, 121, 164, 0),
(2497, 102, 2, 132, 157, 0),
(2498, 102, 2, 137, 120, 0),
(2499, 102, 2, 166, 110, 0),
(2500, 102, 11, 532, 176, 1),
(2501, 102, 11, 530, 191, 1),
(2502, 102, 11, 469, 196, 1),
(2503, 102, 11, 466, 189, 1),
(2504, 102, 11, 451, 195, 1),
(2505, 102, 11, 464, 207, 0),
(2506, 102, 11, 466, 145, 0),
(2507, 102, 11, 464, 136, 0),
(2508, 102, 11, 448, 147, 0),
(2509, 102, 11, 434, 180, 0),
(2510, 102, 11, 423, 229, 0),
(2511, 102, 11, 415, 219, 0),
(2512, 139, 14, 21, 219, 1),
(2513, 139, 14, 26, 218, 1),
(2514, 139, 14, 34, 165, 1),
(2515, 139, 14, 9, 162, 0),
(2516, 139, 14, 20, 150, 0),
(2517, 139, 14, 22, 157, 0),
(2518, 139, 14, 26, 206, 0),
(2519, 139, 14, 25, 198, 0),
(2520, 139, 14, 22, 191, 0),
(2521, 139, 14, 27, 188, 0),
(2522, 139, 14, 32, 184, 0),
(2523, 139, 14, 38, 194, 0),
(2524, 139, 14, 44, 187, 0),
(2525, 139, 14, 45, 193, 0),
(2526, 139, 14, 41, 153, 0),
(2527, 139, 14, 23, 157, 0),
(2528, 139, 14, 60, 121, 0),
(2529, 139, 14, 63, 171, 0),
(2530, 139, 14, 61, 230, 0),
(2531, 139, 14, 32, 241, 0),
(2532, 139, 14, 80, 153, 0),
(2533, 139, 14, 73, 71, 0),
(2534, 139, 14, 88, 140, 0),
(2535, 139, 14, 100, 97, 0),
(2536, 139, 14, 118, 98, 0),
(2537, 139, 14, 124, 107, 0),
(2538, 139, 14, 140, 128, 0),
(2539, 139, 14, 155, 164, 0),
(2540, 139, 14, 116, 157, 0),
(2541, 139, 14, 109, 161, 0),
(2542, 139, 14, 123, 171, 0),
(2543, 139, 14, 109, 191, 0),
(2544, 139, 14, 107, 202, 0),
(2545, 139, 14, 102, 238, 0),
(2546, 139, 14, 95, 268, 0),
(2547, 139, 14, 107, 286, 0),
(2548, 139, 17, 496, 182, 1),
(2549, 139, 17, 493, 158, 0),
(2550, 140, 13, 23, 218, 0),
(2551, 140, 13, 44, 259, 0),
(2552, 140, 13, 63, 248, 0),
(2553, 140, 13, 68, 261, 0),
(2554, 140, 13, 84, 239, 0),
(2555, 140, 13, 107, 266, 0),
(2556, 140, 13, 99, 215, 0),
(2557, 140, 13, 122, 229, 0),
(2558, 140, 13, 126, 210, 0),
(2559, 140, 13, 136, 198, 0),
(2560, 140, 13, 140, 172, 0),
(2561, 140, 13, 79, 187, 0),
(2562, 140, 13, 73, 184, 0),
(2563, 140, 13, 64, 154, 0),
(2564, 140, 13, 49, 147, 0),
(2565, 140, 13, 51, 135, 0),
(2566, 140, 13, 62, 131, 0),
(2567, 140, 13, 52, 100, 0),
(2568, 140, 13, 76, 108, 0),
(2569, 140, 13, 109, 149, 0),
(2570, 140, 13, 119, 119, 0),
(2571, 140, 10, 482, 208, 1),
(2572, 140, 10, 504, 150, 0),
(2573, 140, 10, 523, 221, 0),
(2574, 140, 10, 485, 240, 0),
(2575, 140, 10, 417, 272, 0),
(2576, 140, 10, 403, 181, 0),
(2577, 140, 10, 407, 146, 0),
(2578, 161, 14, 6, 174, 1),
(2579, 161, 14, 20, 217, 0),
(2580, 161, 14, 40, 251, 0),
(2581, 161, 14, 45, 235, 0),
(2582, 161, 14, 34, 158, 0),
(2583, 161, 14, 45, 146, 0),
(2584, 161, 14, 57, 165, 0),
(2585, 161, 14, 72, 116, 0),
(2586, 161, 14, 106, 93, 0),
(2587, 161, 14, 122, 127, 0),
(2588, 161, 14, 104, 166, 0),
(2589, 161, 14, 103, 175, 0),
(2590, 161, 14, 100, 183, 0),
(2591, 161, 14, 87, 221, 0),
(2592, 161, 14, 81, 242, 0),
(2593, 161, 14, 105, 233, 0),
(2594, 161, 14, 111, 222, 0),
(2595, 161, 14, 113, 184, 0),
(2596, 161, 14, 133, 181, 0),
(2597, 161, 14, 142, 188, 0),
(2598, 161, 4, 465, 166, 0),
(2599, 161, 4, 411, 184, 0),
(2600, 161, 4, 406, 131, 0),
(2601, 160, 18, 83, 174, 1),
(2602, 160, 18, 42, 216, 0),
(2603, 160, 18, 38, 184, 0),
(2604, 160, 18, 44, 180, 0),
(2605, 160, 18, 70, 168, 0),
(2606, 160, 18, 56, 153, 0),
(2607, 160, 18, 46, 140, 0),
(2608, 160, 18, 142, 184, 0),
(2609, 160, 13, 508, 172, 1),
(2610, 160, 13, 468, 159, 1),
(2611, 160, 13, 460, 170, 1),
(2612, 160, 13, 525, 140, 0),
(2613, 160, 13, 495, 152, 0),
(2614, 160, 13, 481, 130, 0),
(2615, 160, 13, 497, 181, 0),
(2616, 160, 13, 483, 204, 0),
(2617, 160, 13, 495, 235, 0),
(2618, 160, 13, 428, 174, 0),
(2619, 160, 13, 417, 170, 0),
(2620, 160, 13, 401, 212, 0),
(2621, 159, 9, 41, 176, 1),
(2622, 159, 9, 41, 183, 0),
(2623, 159, 9, 27, 157, 0),
(2624, 159, 9, 24, 142, 0),
(2625, 159, 9, 13, 148, 0),
(2626, 159, 9, 31, 101, 0),
(2627, 159, 9, 48, 151, 0),
(2628, 159, 9, 56, 158, 0),
(2629, 159, 9, 72, 119, 0),
(2630, 159, 9, 79, 199, 0),
(2631, 159, 9, 57, 207, 0),
(2632, 159, 9, 36, 248, 0),
(2633, 159, 9, 84, 261, 0),
(2634, 159, 9, 137, 255, 0),
(2635, 159, 9, 149, 252, 0),
(2636, 159, 9, 133, 239, 0),
(2637, 159, 9, 141, 227, 0),
(2638, 159, 9, 138, 220, 0),
(2639, 159, 9, 123, 144, 0),
(2640, 159, 9, 127, 109, 0),
(2641, 159, 9, 136, 105, 0),
(2642, 159, 9, 131, 103, 0),
(2643, 159, 9, 121, 100, 0),
(2644, 159, 19, 516, 157, 1),
(2645, 159, 19, 515, 208, 1),
(2646, 159, 19, 492, 220, 0),
(2647, 159, 19, 450, 179, 0),
(2648, 159, 19, 401, 173, 0),
(2649, 159, 19, 366, 201, 0),
(2650, 159, 19, 389, 104, 0),
(2651, 168, 1, 45, 208, 1),
(2652, 168, 1, 45, 186, 1),
(2653, 168, 1, 32, 296, 0),
(2654, 168, 1, 65, 270, 0),
(2655, 168, 1, 55, 222, 0),
(2656, 168, 1, 48, 185, 0),
(2657, 168, 1, 22, 150, 0),
(2658, 168, 1, 77, 187, 0),
(2659, 168, 1, 99, 244, 0),
(2660, 168, 1, 126, 173, 0),
(2661, 168, 1, 129, 147, 0),
(2662, 168, 1, 122, 126, 0),
(2663, 168, 11, 468, 131, 1),
(2664, 168, 11, 440, 139, 1),
(2665, 168, 11, 437, 116, 1),
(2666, 168, 11, 509, 142, 0),
(2667, 168, 11, 516, 188, 0),
(2668, 168, 11, 492, 193, 0),
(2669, 168, 11, 454, 179, 0),
(2670, 168, 11, 423, 163, 0),
(2671, 168, 11, 400, 177, 0),
(2672, 168, 11, 360, 159, 0),
(2673, 168, 11, 418, 214, 0),
(2674, 168, 11, 431, 239, 0),
(2675, 168, 11, 431, 263, 0),
(2676, 166, 15, 20, 183, 0),
(2677, 166, 15, 64, 177, 0),
(2678, 166, 15, 61, 198, 0),
(2679, 166, 15, 61, 210, 0),
(2680, 166, 15, 54, 213, 0),
(2681, 166, 15, 73, 207, 0),
(2682, 166, 15, 82, 232, 0),
(2683, 166, 15, 118, 235, 0),
(2684, 166, 15, 114, 249, 0),
(2685, 166, 15, 114, 257, 0),
(2686, 166, 15, 121, 193, 0),
(2687, 166, 15, 136, 177, 0),
(2688, 166, 15, 129, 115, 0),
(2689, 166, 16, 480, 172, 1),
(2690, 166, 16, 483, 158, 0),
(2691, 166, 16, 470, 165, 0),
(2692, 166, 16, 482, 112, 0),
(2693, 166, 16, 497, 112, 0),
(2694, 166, 16, 512, 116, 0),
(2695, 166, 16, 483, 193, 0),
(2696, 166, 16, 482, 212, 0),
(2697, 166, 16, 478, 238, 0),
(2698, 166, 16, 420, 208, 0),
(2699, 166, 16, 405, 186, 0),
(2700, 166, 16, 403, 179, 0),
(2701, 166, 16, 447, 143, 0),
(2702, 166, 16, 426, 93, 0),
(2703, 164, 6, 10, 195, 1),
(2704, 164, 6, 19, 221, 0),
(2705, 164, 6, 28, 190, 0),
(2706, 164, 6, 34, 148, 0),
(2707, 164, 6, 52, 118, 0),
(2708, 164, 6, 63, 155, 0),
(2709, 164, 6, 63, 171, 0),
(2710, 164, 6, 79, 233, 0),
(2711, 164, 6, 84, 158, 0),
(2712, 164, 6, 106, 132, 0),
(2713, 164, 6, 158, 154, 0),
(2714, 164, 6, 104, 190, 0),
(2715, 164, 6, 107, 226, 0),
(2716, 164, 6, 115, 248, 0),
(2717, 164, 5, 473, 198, 0),
(2718, 164, 5, 473, 209, 0),
(2719, 164, 5, 462, 171, 0),
(2720, 164, 5, 456, 172, 0),
(2721, 164, 5, 451, 168, 0),
(2722, 164, 5, 459, 163, 0),
(2723, 164, 5, 465, 131, 0),
(2724, 164, 5, 473, 121, 0),
(2725, 164, 5, 468, 111, 0),
(2726, 164, 5, 391, 114, 0),
(2727, 164, 5, 384, 158, 0),
(2728, 164, 5, 411, 190, 0),
(2729, 164, 5, 418, 195, 0),
(2730, 164, 5, 436, 202, 0),
(2731, 164, 5, 394, 233, 0),
(2732, 167, 2, 47, 245, 0),
(2733, 167, 2, 44, 187, 0),
(2734, 167, 2, 52, 126, 0),
(2735, 167, 2, 62, 130, 0),
(2736, 167, 2, 87, 105, 0),
(2737, 167, 2, 91, 164, 0),
(2738, 167, 2, 121, 142, 0),
(2739, 167, 2, 145, 125, 0),
(2740, 167, 2, 161, 83, 0),
(2741, 167, 2, 158, 71, 0),
(2742, 167, 2, 122, 196, 0),
(2743, 167, 2, 155, 215, 0),
(2744, 167, 2, 160, 239, 0),
(2745, 167, 2, 159, 259, 0),
(2746, 167, 2, 146, 259, 0),
(2747, 167, 2, 120, 249, 0),
(2748, 167, 17, 506, 195, 1),
(2749, 167, 17, 518, 178, 1),
(2750, 167, 17, 499, 160, 0),
(2751, 167, 17, 510, 144, 0),
(2752, 167, 17, 488, 134, 0),
(2753, 167, 17, 495, 113, 0),
(2754, 167, 17, 490, 62, 0),
(2755, 167, 17, 453, 212, 0),
(2756, 167, 17, 447, 189, 0),
(2757, 167, 17, 460, 248, 0),
(2758, 167, 17, 378, 182, 0),
(2759, 167, 17, 403, 234, 0),
(2760, 167, 17, 410, 249, 0),
(2761, 165, 7, 45, 195, 0),
(2762, 165, 7, 45, 199, 0),
(2763, 165, 7, 46, 176, 0),
(2764, 165, 7, 50, 169, 0),
(2765, 165, 7, 56, 158, 0),
(2766, 165, 7, 42, 142, 0),
(2767, 165, 7, 79, 178, 0),
(2768, 165, 7, 71, 208, 0),
(2769, 165, 7, 67, 218, 0),
(2770, 165, 7, 65, 248, 0),
(2771, 165, 7, 112, 239, 0),
(2772, 165, 7, 117, 236, 0),
(2773, 165, 7, 124, 239, 0),
(2774, 165, 7, 126, 259, 0),
(2775, 165, 7, 133, 208, 0),
(2776, 165, 7, 105, 161, 0),
(2777, 165, 7, 129, 162, 0),
(2778, 165, 7, 135, 165, 0),
(2779, 165, 7, 138, 137, 0),
(2780, 165, 7, 133, 133, 0),
(2781, 165, 7, 143, 121, 0),
(2782, 165, 7, 123, 90, 0),
(2783, 165, 8, 505, 241, 0),
(2784, 165, 8, 498, 252, 0),
(2785, 165, 8, 406, 233, 0),
(2786, 165, 8, 422, 151, 0),
(2787, 165, 8, 428, 118, 0),
(2788, 162, 20, 24, 161, 1),
(2789, 162, 20, 53, 167, 1),
(2790, 162, 20, 56, 180, 1),
(2791, 162, 20, 42, 202, 0),
(2792, 162, 20, 105, 277, 0),
(2793, 162, 20, 114, 265, 0),
(2794, 162, 12, 524, 143, 0),
(2795, 162, 12, 518, 99, 0),
(2796, 162, 12, 490, 161, 0),
(2797, 162, 12, 493, 172, 0),
(2798, 162, 12, 496, 187, 0),
(2799, 162, 12, 489, 204, 0),
(2800, 162, 12, 505, 217, 0),
(2801, 162, 12, 481, 227, 0),
(2802, 162, 12, 469, 233, 0),
(2803, 162, 12, 468, 233, 0),
(2804, 162, 12, 463, 200, 0),
(2805, 162, 12, 459, 237, 0),
(2806, 162, 12, 458, 254, 0),
(2807, 162, 12, 451, 220, 0),
(2808, 162, 12, 447, 213, 0),
(2809, 162, 12, 418, 201, 0),
(2810, 162, 12, 418, 221, 0),
(2811, 162, 12, 409, 253, 0),
(2812, 162, 12, 439, 268, 0),
(2813, 162, 12, 396, 232, 0),
(2814, 162, 12, 404, 223, 0),
(2815, 162, 12, 395, 215, 0),
(2816, 162, 12, 393, 189, 0),
(2817, 162, 12, 403, 151, 0),
(2818, 162, 12, 406, 144, 0),
(2819, 162, 12, 399, 117, 0),
(2820, 162, 12, 453, 61, 0),
(2821, 163, 3, 59, 195, 0),
(2822, 163, 3, 100, 181, 0),
(2823, 163, 3, 147, 180, 0),
(2824, 163, 10, 431, 80, 1),
(2825, 163, 10, 453, 137, 1),
(2826, 163, 10, 488, 116, 1),
(2827, 163, 10, 505, 148, 0),
(2828, 163, 10, 466, 125, 0),
(2829, 163, 10, 454, 176, 0),
(2830, 163, 10, 457, 222, 0),
(2831, 163, 10, 436, 163, 0),
(2832, 163, 10, 433, 126, 0),
(2833, 163, 10, 412, 174, 0),
(2834, 163, 10, 402, 247, 0);

-- --------------------------------------------------------

--
-- Table structure for table `teams`
--

CREATE TABLE IF NOT EXISTS `teams` (
  `id_team` int(2) NOT NULL AUTO_INCREMENT,
  `team_name` varchar(20) NOT NULL,
  PRIMARY KEY (`id_team`)
) ENGINE=InnoDB  DEFAULT CHARSET=latin1 AUTO_INCREMENT=21 ;

--
-- Dumping data for table `teams`
--

INSERT INTO `teams` (`id_team`, `team_name`) VALUES
(1, 'Atalanta'),
(2, 'Benevento'),
(3, 'Bologna'),
(4, 'Cagliari'),
(5, 'Chievo'),
(6, 'Crotone'),
(7, 'Fiorentina'),
(8, 'Genoa'),
(9, 'Inter'),
(10, 'Juventus'),
(11, 'Lazio'),
(12, 'Milan'),
(13, 'Napoli'),
(14, 'Roma'),
(15, 'Sampdoria'),
(16, 'Sassuolo'),
(17, 'SPAL'),
(18, 'Torino'),
(19, 'Udinese'),
(20, 'Verona');

--
-- Constraints for dumped tables
--

--
-- Constraints for table `matches`
--
ALTER TABLE `matches`
  ADD CONSTRAINT `matches_ibfk_1` FOREIGN KEY (`id_home`) REFERENCES `teams` (`id_team`),
  ADD CONSTRAINT `matches_ibfk_2` FOREIGN KEY (`id_away`) REFERENCES `teams` (`id_team`);

--
-- Constraints for table `shots`
--
ALTER TABLE `shots`
  ADD CONSTRAINT `shots_ibfk_1` FOREIGN KEY (`id_match`) REFERENCES `matches` (`id_match`),
  ADD CONSTRAINT `shots_ibfk_2` FOREIGN KEY (`id_team`) REFERENCES `teams` (`id_team`);

/*!40101 SET CHARACTER_SET_CLIENT=@OLD_CHARACTER_SET_CLIENT */;
/*!40101 SET CHARACTER_SET_RESULTS=@OLD_CHARACTER_SET_RESULTS */;
/*!40101 SET COLLATION_CONNECTION=@OLD_COLLATION_CONNECTION */;
