-- phpMyAdmin SQL Dump
-- version 4.1.4
-- http://www.phpmyadmin.net
--
-- Host: 127.0.0.1
-- Generation Time: May 20, 2018 at 10:57 PM
-- Server version: 5.6.15-log
-- PHP Version: 5.5.8

SET SQL_MODE = "NO_AUTO_VALUE_ON_ZERO";
SET time_zone = "+00:00";


/*!40101 SET @OLD_CHARACTER_SET_CLIENT=@@CHARACTER_SET_CLIENT */;
/*!40101 SET @OLD_CHARACTER_SET_RESULTS=@@CHARACTER_SET_RESULTS */;
/*!40101 SET @OLD_COLLATION_CONNECTION=@@COLLATION_CONNECTION */;
/*!40101 SET NAMES utf8 */;

--
-- Database: `football`
--

-- --------------------------------------------------------

--
-- Table structure for table `matches`
--

CREATE TABLE IF NOT EXISTS `matches` (
  `id_match` int(3) NOT NULL AUTO_INCREMENT,
  `round` int(2) NOT NULL,
  `date` date DEFAULT NULL,
  `id_home` int(2) NOT NULL,
  `id_away` int(2) NOT NULL,
  `home_goals` int(11) DEFAULT NULL,
  `away_goals` int(11) DEFAULT NULL,
  PRIMARY KEY (`id_match`),
  KEY `id_home` (`id_home`,`id_away`),
  KEY `id_away` (`id_away`)
) ENGINE=InnoDB  DEFAULT CHARSET=latin1 AUTO_INCREMENT=381 ;

--
-- Dumping data for table `matches`
--

INSERT INTO `matches` (`id_match`, `round`, `date`, `id_home`, `id_away`, `home_goals`, `away_goals`) VALUES
(1, 1, '2019-08-17', 10, 4, 3, 0),
(2, 1, '2019-08-17', 20, 13, 1, 3),
(3, 1, '2020-08-17', 1, 14, 0, 1),
(4, 1, '2020-08-17', 3, 18, 1, 1),
(5, 1, '2020-08-17', 9, 7, 3, 0),
(6, 1, '2020-08-17', 11, 17, 0, 0),
(7, 1, '2020-08-17', 15, 2, 2, 1),
(8, 1, '2020-08-17', 16, 8, 0, 0),
(9, 1, '2020-08-17', 19, 5, 1, 2),
(10, 1, '2021-08-17', 6, 12, 0, 3),
(11, 2, '2026-08-17', 8, 10, 2, 4),
(12, 2, '2026-08-17', 2, 3, 0, 1),
(13, 2, '2026-08-17', 14, 9, 1, 3),
(14, 2, '2027-08-17', 18, 16, 3, 0),
(15, 2, '2027-08-17', 12, 4, 2, 1),
(16, 2, '2027-08-17', 5, 11, 1, 2),
(17, 2, '2027-08-17', 6, 20, 0, 0),
(18, 2, '2027-08-17', 7, 15, 1, 2),
(19, 2, '2027-08-17', 13, 1, 3, 1),
(20, 2, '2027-08-17', 17, 19, 3, 2),
(21, 3, '2009-09-17', 10, 5, 3, 0),
(22, 3, '2010-09-17', 9, 17, 2, 0),
(23, 3, '2010-09-17', 1, 16, 2, 1),
(24, 3, '2010-09-17', 4, 6, 1, 0),
(25, 3, '2010-09-17', 19, 8, 1, 0),
(26, 3, '2010-09-17', 20, 7, 0, 5),
(27, 3, '2010-09-17', 11, 12, 4, 1),
(28, 3, '2010-09-17', 2, 18, 0, 1),
(29, 3, '2010-09-17', 3, 13, 0, 3),
(30, 4, '2016-09-17', 6, 9, 0, 2),
(31, 4, '2016-09-17', 7, 3, 2, 1),
(32, 4, '2016-09-17', 14, 20, 3, 0),
(33, 4, '2017-09-17', 16, 10, 1, 3),
(34, 4, '2017-09-17', 12, 19, 2, 1),
(35, 4, '2017-09-17', 13, 2, 6, 0),
(36, 4, '2017-09-17', 17, 4, 0, 2),
(37, 4, '2017-09-17', 18, 15, 2, 2),
(38, 4, '2017-09-17', 5, 1, 1, 1),
(39, 4, '2017-09-17', 8, 11, 2, 3),
(40, 5, '2019-09-17', 3, 9, 1, 1),
(41, 5, '2020-09-17', 2, 14, 0, 4),
(42, 5, '2020-09-17', 12, 17, 2, 0),
(43, 5, '2020-09-17', 1, 6, 5, 1),
(44, 5, '2020-09-17', 4, 16, 0, 1),
(45, 5, '2020-09-17', 8, 5, 1, 1),
(46, 5, '2020-09-17', 10, 7, 1, 0),
(47, 5, '2020-09-17', 11, 13, 1, 4),
(48, 5, '2020-09-17', 19, 18, 2, 3),
(49, 5, '2020-09-17', 20, 15, 0, 0),
(50, 6, '2023-09-17', 14, 19, 3, 1),
(51, 6, '2023-09-17', 17, 13, 2, 3),
(52, 6, '2023-09-17', 10, 18, 4, 0),
(53, 6, '2024-09-17', 15, 12, 2, 0),
(54, 6, '2024-09-17', 4, 5, 0, 2),
(55, 6, '2024-09-17', 6, 2, 2, 0),
(56, 6, '2024-09-17', 9, 8, 1, 0),
(57, 6, '2024-09-17', 20, 11, 0, 3),
(58, 6, '2024-09-17', 16, 3, 0, 1),
(59, 6, '2024-09-17', 7, 1, 1, 1),
(60, 7, '2030-09-17', 19, 15, 4, 0),
(61, 7, '2030-09-17', 8, 3, 0, 1),
(62, 7, '2001-10-17', 13, 4, 3, 0),
(63, 7, '2001-10-17', 2, 9, 1, 2),
(64, 7, '2001-10-17', 5, 7, 2, 1),
(65, 7, '2001-10-17', 11, 16, 6, 1),
(66, 7, '2001-10-17', 17, 6, 1, 1),
(67, 7, '2001-10-17', 18, 20, 2, 2),
(68, 7, '2001-10-17', 12, 14, 0, 2),
(69, 7, '2001-10-17', 1, 10, 2, 2),
(70, 8, '2014-10-17', 10, 11, 1, 2),
(71, 8, '2014-10-17', 14, 13, 0, 1),
(72, 8, '2015-10-17', 7, 19, 2, 1),
(73, 8, '2015-10-17', 3, 17, 2, 1),
(74, 8, '2015-10-17', 4, 8, 2, 3),
(75, 8, '2015-10-17', 6, 18, 2, 2),
(76, 8, '2015-10-17', 15, 1, 3, 1),
(77, 8, '2015-10-17', 16, 5, 0, 0),
(78, 8, '2015-10-17', 9, 12, 3, 2),
(79, 8, '2016-10-17', 20, 2, 1, 0),
(80, 9, '2021-10-17', 15, 6, 5, 0),
(81, 9, '2021-10-17', 13, 9, 0, 0),
(82, 9, '2022-10-17', 5, 20, 3, 2),
(83, 9, '2022-10-17', 12, 8, 0, 0),
(84, 9, '2022-10-17', 1, 3, 1, 0),
(85, 9, '2022-10-17', 2, 7, 0, 3),
(86, 9, '2022-10-17', 17, 16, 0, 1),
(87, 9, '2022-10-17', 18, 14, 0, 1),
(88, 9, '2022-10-17', 19, 10, 2, 6),
(89, 9, '2022-10-17', 11, 4, 3, 0),
(90, 10, '2024-10-17', 9, 15, 3, 2),
(91, 10, '2025-10-17', 1, 20, 3, 0),
(92, 10, '2025-10-17', 3, 11, 1, 2),
(93, 10, '2025-10-17', 4, 2, 2, 1),
(94, 10, '2025-10-17', 5, 12, 1, 4),
(95, 10, '2025-10-17', 7, 18, 3, 0),
(96, 10, '2025-10-17', 8, 13, 2, 3),
(97, 10, '2025-10-17', 10, 17, 4, 1),
(98, 10, '2025-10-17', 14, 6, 1, 0),
(99, 10, '2025-10-17', 16, 19, 0, 1),
(100, 11, '2028-10-17', 12, 10, 0, 2),
(101, 11, '2028-10-17', 14, 3, 1, 0),
(102, 11, '2029-10-17', 2, 11, 1, 5),
(103, 11, '2029-10-17', 6, 7, 2, 1),
(104, 11, '2029-10-17', 13, 16, 3, 1),
(105, 11, '2029-10-17', 15, 5, 4, 1),
(106, 11, '2029-10-17', 17, 8, 1, 0),
(107, 11, '2029-10-17', 19, 1, 2, 1),
(108, 11, '2029-10-17', 18, 4, 2, 1),
(109, 11, '2030-10-17', 20, 9, 1, 2),
(110, 12, '2004-11-17', 3, 6, 2, 3),
(111, 12, '2004-11-17', 8, 15, 0, 2),
(112, 12, '2005-11-17', 9, 18, 1, 1),
(113, 12, '2005-11-17', 4, 20, 2, 1),
(114, 12, '2005-11-17', 5, 13, 0, 0),
(115, 12, '2005-11-17', 7, 14, 2, 4),
(116, 12, '2005-11-17', 10, 2, 2, 1),
(117, 12, '2005-11-17', 1, 17, 1, 1),
(118, 12, '2005-11-17', 16, 12, 0, 2),
(119, 13, '2018-11-17', 14, 11, 2, 1),
(120, 13, '2018-11-17', 13, 12, 2, 1),
(121, 13, '2019-11-17', 6, 8, 0, 1),
(122, 13, '2019-11-17', 2, 16, 1, 2),
(123, 13, '2019-11-17', 15, 10, 3, 2),
(124, 13, '2019-11-17', 17, 7, 1, 1),
(125, 13, '2019-11-17', 18, 5, 1, 1),
(126, 13, '2019-11-17', 19, 4, 0, 1),
(127, 13, '2019-11-17', 9, 1, 2, 0),
(128, 13, '2020-11-17', 20, 3, 2, 3),
(129, 14, '2025-11-17', 3, 15, 3, 0),
(130, 14, '2025-11-17', 5, 17, 2, 1),
(131, 14, '2025-11-17', 16, 20, 0, 2),
(132, 14, '2025-11-17', 4, 9, 1, 3),
(133, 14, '2026-11-17', 12, 18, 0, 0),
(134, 14, '2026-11-17', 8, 14, 1, 1),
(135, 14, '2026-11-17', 19, 13, 0, 1),
(136, 14, '2026-11-17', 11, 7, 1, 1),
(137, 14, '2026-11-17', 10, 6, 3, 0),
(138, 14, '2027-11-17', 1, 2, 1, 0),
(139, 15, '2001-12-17', 14, 17, 3, 1),
(140, 15, '2001-12-17', 13, 10, 0, 1),
(141, 15, '2002-12-17', 18, 1, 1, 1),
(142, 15, '2003-12-17', 2, 12, 2, 2),
(143, 15, '2003-12-17', 3, 4, 1, 1),
(144, 15, '2003-12-17', 7, 16, 3, 0),
(145, 15, '2003-12-17', 9, 5, 5, 0),
(146, 15, '2003-12-17', 15, 11, 1, 2),
(147, 15, '2004-12-17', 6, 19, 0, 3),
(148, 15, '2004-12-17', 20, 8, 0, 1),
(149, 16, '2009-12-17', 4, 15, 2, 2),
(150, 16, '2009-12-17', 10, 9, 0, 0),
(151, 16, '2010-12-17', 5, 14, 0, 0),
(152, 16, '2010-12-17', 13, 7, 0, 0),
(153, 16, '2010-12-17', 17, 20, 2, 2),
(154, 16, '2010-12-17', 19, 2, 2, 0),
(155, 16, '2010-12-17', 16, 6, 2, 1),
(156, 16, '2010-12-17', 12, 3, 2, 1),
(157, 16, '2011-12-17', 11, 18, 1, 3),
(158, 16, '2012-12-17', 8, 1, 1, 2),
(159, 17, '2016-12-17', 9, 19, 1, 3),
(160, 17, '2016-12-17', 18, 13, 1, 3),
(161, 17, '2016-12-17', 14, 4, 1, 0),
(162, 17, '2017-12-17', 20, 12, 3, 0),
(163, 17, '2017-12-17', 3, 10, 0, 3),
(164, 17, '2017-12-17', 6, 5, 1, 0),
(165, 17, '2017-12-17', 7, 8, 0, 0),
(166, 17, '2017-12-17', 15, 16, 0, 1),
(167, 17, '2017-12-17', 2, 17, 1, 2),
(168, 17, '2017-12-17', 1, 11, 3, 3),
(169, 18, '2022-12-17', 5, 3, 2, 3),
(170, 18, '2022-12-17', 4, 7, 0, 1),
(171, 18, '2023-12-17', 11, 6, 4, 0),
(172, 18, '2023-12-17', 8, 2, 1, 0),
(173, 18, '2023-12-17', 13, 15, 3, 2),
(174, 18, '2023-12-17', 16, 9, 1, 0),
(175, 18, '2023-12-17', 17, 18, 2, 2),
(176, 18, '2023-12-17', 19, 20, 4, 0),
(177, 18, '2023-12-17', 12, 1, 0, 2),
(178, 18, '2023-12-17', 10, 14, 1, 0),
(179, 19, '2029-12-17', 6, 13, 0, 1),
(180, 19, '2030-12-17', 7, 12, 1, 1),
(181, 19, '2030-12-17', 1, 4, 1, 2),
(182, 19, '2030-12-17', 2, 5, 1, 0),
(183, 19, '2030-12-17', 3, 19, 1, 2),
(184, 19, '2030-12-17', 14, 16, 1, 1),
(185, 19, '2030-12-17', 15, 17, 2, 0),
(186, 19, '2030-12-17', 18, 8, 0, 0),
(187, 19, '2030-12-17', 9, 11, 0, 0),
(188, 19, '2030-12-17', 20, 10, 1, 3),
(189, 20, '2005-01-18', 5, 19, 1, 1),
(190, 20, '2005-01-18', 7, 9, 1, 1),
(191, 20, '2006-01-18', 18, 3, 3, 0),
(192, 20, '2006-01-18', 12, 6, 1, 0),
(193, 20, '2006-01-18', 2, 15, 3, 2),
(194, 20, '2006-01-18', 8, 16, 1, 0),
(195, 20, '2006-01-18', 13, 20, 2, 0),
(196, 20, '2006-01-18', 17, 11, 2, 5),
(197, 20, '2006-01-18', 14, 1, 1, 2),
(198, 20, '2006-01-18', 4, 10, 0, 1),
(199, 21, '2021-01-18', 1, 13, 0, 1),
(200, 21, '2021-01-18', 3, 2, 3, 0),
(201, 21, '2021-01-18', 11, 5, 5, 1),
(202, 21, '2021-01-18', 15, 7, 3, 1),
(203, 21, '2021-01-18', 16, 18, 1, 1),
(204, 21, '2021-01-18', 19, 17, 1, 1),
(205, 21, '2021-01-18', 20, 6, 0, 3),
(206, 21, '2021-01-18', 4, 12, 1, 2),
(207, 21, '2021-01-18', 9, 14, 1, 1),
(208, 21, '2022-01-18', 10, 8, 1, 0),
(209, 21, '2024-01-18', 11, 19, 3, 0),
(210, 21, '2024-01-18', 15, 14, 1, 1),
(211, 22, '2027-01-18', 16, 1, 0, 3),
(212, 22, '2027-01-18', 5, 10, 0, 2),
(213, 22, '2028-01-18', 17, 9, 1, 1),
(214, 22, '2028-01-18', 6, 4, 1, 1),
(215, 22, '2028-01-18', 7, 20, 1, 4),
(216, 22, '2028-01-18', 8, 19, 0, 1),
(217, 22, '2028-01-18', 13, 3, 3, 1),
(218, 22, '2028-01-18', 18, 2, 3, 0),
(219, 22, '2028-01-18', 12, 11, 2, 1),
(220, 22, '2028-01-18', 14, 15, 0, 1),
(221, 23, '2003-02-18', 15, 18, 1, 1),
(222, 23, '2003-02-18', 9, 6, 1, 1),
(223, 23, '2004-02-18', 20, 14, 0, 1),
(224, 23, '2004-02-18', 1, 5, 1, 0),
(225, 23, '2004-02-18', 3, 7, 1, 2),
(226, 23, '2004-02-18', 4, 17, 2, 0),
(227, 23, '2004-02-18', 10, 16, 7, 0),
(228, 23, '2004-02-18', 19, 12, 1, 1),
(229, 23, '2004-02-18', 2, 13, 0, 2),
(230, 23, '2005-02-18', 11, 8, 1, 2),
(231, 24, '2009-02-18', 7, 10, 0, 2),
(232, 24, '2010-02-18', 17, 12, 0, 4),
(233, 24, '2010-02-18', 6, 1, 1, 1),
(234, 24, '2010-02-18', 13, 11, 4, 1),
(235, 24, '2011-02-18', 16, 4, 0, 0),
(236, 24, '2011-02-18', 5, 8, 0, 1),
(237, 24, '2011-02-18', 9, 3, 2, 1),
(238, 24, '2011-02-18', 15, 20, 2, 0),
(239, 24, '2011-02-18', 18, 19, 2, 0),
(240, 24, '2011-02-18', 14, 2, 5, 2),
(241, 25, '2017-02-18', 19, 14, 0, 2),
(242, 25, '2017-02-18', 5, 4, 2, 1),
(243, 25, '2017-02-18', 8, 9, 2, 0),
(244, 25, '2018-02-18', 18, 10, 0, 1),
(245, 25, '2018-02-18', 2, 6, 3, 2),
(246, 25, '2018-02-18', 3, 16, 2, 1),
(247, 25, '2018-02-18', 13, 17, 1, 0),
(248, 25, '2018-02-18', 1, 7, 1, 1),
(249, 25, '2018-02-18', 12, 15, 1, 0),
(250, 25, '2019-02-18', 11, 20, 2, 0),
(251, 26, '2024-02-18', 3, 8, 2, 0),
(252, 26, '2024-02-18', 9, 2, 2, 0),
(253, 26, '2025-02-18', 6, 17, 2, 3),
(254, 26, '2025-02-18', 7, 5, 1, 0),
(255, 26, '2025-02-18', 15, 19, 2, 1),
(256, 26, '2025-02-18', 16, 11, 0, 3),
(257, 26, '2025-02-18', 20, 18, 2, 1),
(258, 26, '2025-02-18', 14, 12, 0, 2),
(259, 26, '2026-02-18', 4, 13, 0, 5),
(260, 27, '2003-03-18', 17, 3, 1, 0),
(261, 27, '2003-03-18', 11, 10, 0, 1),
(262, 27, '2003-03-18', 13, 14, 2, 4),
(263, 28, '2009-03-18', 14, 18, 3, 0),
(264, 28, '2010-03-18', 20, 5, 1, 0),
(265, 28, '2011-03-18', 7, 2, 1, 0),
(266, 28, '2011-03-18', 3, 1, 0, 1),
(267, 28, '2011-03-18', 4, 11, 2, 2),
(268, 28, '2011-03-18', 6, 15, 4, 1),
(269, 28, '2011-03-18', 10, 19, 2, 0),
(270, 28, '2011-03-18', 16, 17, 1, 1),
(271, 28, '2011-03-18', 8, 12, 0, 1),
(272, 28, '2011-03-18', 9, 13, 0, 0),
(273, 28, '2014-03-18', 10, 1, 2, 0),
(274, 29, '2017-03-18', 19, 16, 1, 2),
(275, 29, '2017-03-18', 17, 10, 0, 0),
(276, 29, '2018-03-18', 15, 9, 0, 5),
(277, 29, '2018-03-18', 12, 5, 3, 2),
(278, 29, '2018-03-18', 2, 4, 1, 2),
(279, 29, '2018-03-18', 6, 14, 0, 2),
(280, 29, '2018-03-18', 18, 7, 1, 2),
(281, 29, '2018-03-18', 20, 1, 0, 5),
(282, 29, '2018-03-18', 11, 3, 1, 1),
(283, 29, '2018-03-18', 13, 8, 1, 0),
(284, 30, '2031-03-18', 3, 14, 1, 1),
(285, 30, '2031-03-18', 1, 19, 2, 0),
(286, 30, '2031-03-18', 4, 18, 0, 4),
(287, 30, '2031-03-18', 7, 6, 2, 0),
(288, 30, '2031-03-18', 8, 17, 1, 1),
(289, 30, '2031-03-18', 9, 20, 3, 0),
(290, 30, '2031-03-18', 11, 2, 6, 2),
(291, 30, '2031-03-18', 5, 15, 2, 1),
(292, 30, '2031-03-18', 16, 13, 1, 1),
(293, 30, '2031-03-18', 10, 12, 3, 1),
(294, 27, '2003-04-18', 1, 15, 1, 2),
(295, 27, '2003-04-18', 8, 4, 2, 1),
(296, 27, '2003-04-18', 19, 7, 0, 2),
(297, 27, '2004-04-18', 2, 20, 3, 0),
(298, 27, '2004-04-18', 12, 9, 0, 0),
(299, 27, '2004-04-18', 5, 16, 1, 1),
(300, 27, '2004-04-18', 18, 6, 4, 1),
(301, 31, '2007-04-18', 2, 10, 2, 4),
(302, 31, '2007-04-18', 14, 7, 0, 2),
(303, 31, '2007-04-18', 17, 1, 1, 1),
(304, 31, '2007-04-18', 15, 8, 0, 0),
(305, 31, '2008-04-18', 18, 9, 1, 0),
(306, 31, '2008-04-18', 6, 3, 1, 0),
(307, 31, '2008-04-18', 13, 5, 2, 1),
(308, 31, '2008-04-18', 20, 4, 1, 0),
(309, 31, '2008-04-18', 19, 11, 1, 2),
(310, 31, '2008-04-18', 12, 16, 1, 1),
(311, 32, '2014-04-18', 4, 19, 2, 1),
(312, 32, '2014-04-18', 5, 18, 0, 0),
(313, 32, '2014-04-18', 8, 6, 1, 0),
(314, 32, '2014-04-18', 1, 9, 0, 0),
(315, 32, '2015-04-18', 12, 13, 0, 0),
(316, 32, '2015-04-18', 3, 20, 2, 0),
(317, 32, '2015-04-18', 16, 2, 2, 2),
(318, 32, '2015-04-18', 10, 15, 3, 0),
(319, 32, '2015-04-18', 11, 14, 0, 0),
(320, 32, '2016-04-18', 7, 17, 0, 0),
(321, 33, '2017-04-18', 9, 4, 4, 0),
(322, 33, '2018-04-18', 2, 1, 0, 3),
(323, 33, '2018-04-18', 6, 10, 1, 1),
(324, 33, '2018-04-18', 7, 11, 3, 4),
(325, 33, '2018-04-18', 13, 19, 4, 2),
(326, 33, '2018-04-18', 14, 8, 2, 1),
(327, 33, '2018-04-18', 15, 3, 1, 0),
(328, 33, '2018-04-18', 17, 5, 0, 0),
(329, 33, '2018-04-18', 18, 12, 1, 1),
(330, 33, '2018-04-18', 20, 16, 0, 1),
(331, 34, '2021-04-18', 17, 14, 0, 3),
(332, 34, '2021-04-18', 16, 7, 1, 0),
(333, 34, '2021-04-18', 12, 2, 0, 1),
(334, 34, '2022-04-18', 4, 3, 0, 0),
(335, 34, '2022-04-18', 1, 18, 2, 1),
(336, 34, '2022-04-18', 5, 9, 1, 2),
(337, 34, '2022-04-18', 11, 15, 4, 0),
(338, 34, '2022-04-18', 19, 6, 1, 2),
(339, 34, '2022-04-18', 10, 13, 0, 1),
(340, 34, '2023-04-18', 8, 20, 3, 1),
(341, 35, '2028-04-18', 14, 5, 4, 1),
(342, 35, '2028-04-18', 9, 10, 2, 3),
(343, 35, '2029-04-18', 6, 16, 4, 1),
(344, 35, '2029-04-18', 1, 8, 3, 1),
(345, 35, '2029-04-18', 2, 19, 3, 3),
(346, 35, '2029-04-18', 3, 12, 1, 2),
(347, 35, '2029-04-18', 15, 4, 4, 1),
(348, 35, '2029-04-18', 20, 17, 1, 3),
(349, 35, '2029-04-18', 7, 13, 3, 0),
(350, 35, '2029-04-18', 18, 11, 0, 1),
(351, 36, '2005-05-18', 12, 20, 0, 0),
(352, 36, '2005-05-18', 10, 3, 0, 0),
(353, 36, '2006-05-18', 19, 9, 0, 0),
(354, 36, '2006-05-18', 5, 6, 0, 0),
(355, 36, '2006-05-18', 8, 7, 0, 0),
(356, 36, '2006-05-18', 11, 1, 0, 0),
(357, 36, '2006-05-18', 13, 18, 0, 0),
(358, 36, '2006-05-18', 17, 2, 0, 0),
(359, 36, '2006-05-18', 16, 15, 0, 0),
(360, 36, '2006-05-18', 4, 14, 0, 0),
(361, 37, '2013-05-18', 1, 12, 0, 0),
(362, 37, '2013-05-18', 2, 8, 0, 0),
(363, 37, '2013-05-18', 3, 5, 0, 0),
(364, 37, '2013-05-18', 6, 11, 0, 0),
(365, 37, '2013-05-18', 7, 4, 0, 0),
(366, 37, '2013-05-18', 9, 16, 0, 0),
(367, 37, '2013-05-18', 14, 10, 0, 0),
(368, 37, '2013-05-18', 15, 13, 0, 0),
(369, 37, '2013-05-18', 18, 17, 0, 0),
(370, 37, '2013-05-18', 20, 19, 0, 0),
(371, 38, '2020-05-18', 12, 7, 0, 0),
(372, 38, '2020-05-18', 4, 1, 0, 0),
(373, 38, '2020-05-18', 5, 2, 0, 0),
(374, 38, '2020-05-18', 8, 18, 0, 0),
(375, 38, '2020-05-18', 10, 20, 0, 0),
(376, 38, '2020-05-18', 11, 9, 0, 0),
(377, 38, '2020-05-18', 13, 6, 0, 0),
(378, 38, '2020-05-18', 16, 14, 0, 0),
(379, 38, '2020-05-18', 17, 15, 0, 0),
(380, 38, '2020-05-18', 19, 3, 0, 0);

-- --------------------------------------------------------

--
-- Table structure for table `shots`
--

CREATE TABLE IF NOT EXISTS `shots` (
  `id_shot` int(11) NOT NULL AUTO_INCREMENT,
  `id_match` int(11) NOT NULL,
  `id_team` int(11) NOT NULL,
  `distance` float NOT NULL,
  `angle` float NOT NULL,
  `scored` tinyint(1) NOT NULL,
  `x` int(11) NOT NULL,
  `y` int(11) NOT NULL,
  PRIMARY KEY (`id_shot`),
  KEY `id_match` (`id_match`),
  KEY `id_team` (`id_team`)
) ENGINE=InnoDB  DEFAULT CHARSET=latin1 AUTO_INCREMENT=242 ;

--
-- Dumping data for table `shots`
--

INSERT INTO `shots` (`id_shot`, `id_match`, `id_team`, `distance`, `angle`, `scored`, `x`, `y`) VALUES
(1, 293, 10, 10.1074, 0.86206, 1, 0, 0),
(2, 293, 10, 16.9387, 0.537179, 1, 0, 0),
(3, 293, 10, 27.6355, 0.35756, 1, 0, 0),
(4, 293, 10, 16.8618, 0.541575, 0, 0, 0),
(5, 293, 10, 11.0145, 0.783734, 0, 0, 0),
(6, 293, 10, 25.6531, 0.378828, 0, 0, 0),
(7, 293, 10, 26.3181, 0.345091, 0, 0, 0),
(8, 293, 12, 5.54617, 1.4561, 1, 0, 0),
(9, 293, 12, 7.96492, 0.915371, 0, 0, 0),
(10, 293, 12, 11.1606, 0.735008, 0, 0, 0),
(11, 293, 12, 21.6416, 0.338329, 0, 0, 0),
(12, 293, 12, 27.4824, 0.295116, 0, 0, 0),
(13, 293, 12, 16.367, 0.397595, 0, 0, 0),
(14, 293, 12, 25.3314, 0.345549, 0, 0, 0),
(15, 293, 12, 28.7785, 0.299479, 0, 0, 0),
(16, 293, 12, 30.3295, 0.290981, 0, 0, 0),
(17, 293, 12, 31.6796, 0.303059, 0, 0, 0),
(18, 290, 11, 12.7906, 0.737815, 1, 0, 0),
(19, 290, 11, 12.2016, 0.777752, 1, 0, 0),
(20, 290, 11, 7.24707, 1.11403, 1, 0, 0),
(21, 290, 11, 16.3683, 0.54117, 1, 0, 0),
(22, 290, 11, 23.9708, 0.405594, 1, 0, 0),
(23, 290, 11, 32.0849, 0.253291, 0, 0, 0),
(24, 290, 11, 33.0103, 0.255409, 0, 0, 0),
(25, 290, 11, 32.912, 0.283235, 0, 0, 0),
(26, 290, 11, 25.1436, 0.367836, 0, 0, 0),
(27, 290, 11, 15.0944, 0.375669, 0, 0, 0),
(28, 290, 11, 11.5603, 0.490378, 0, 0, 0),
(29, 290, 11, 14.8647, 0.606701, 0, 0, 0),
(30, 290, 11, 13.4893, 0.691723, 0, 0, 0),
(31, 290, 11, 10.4346, 0.882573, 0, 0, 0),
(32, 290, 11, 19.6957, 0.490907, 0, 0, 0),
(33, 290, 11, 20.7171, 0.471337, 0, 0, 0),
(34, 290, 11, 21.0038, 0.467332, 0, 0, 0),
(35, 290, 11, 28.2574, 0.34961, 0, 0, 0),
(36, 290, 11, 23.2215, 0.420575, 0, 0, 0),
(37, 290, 11, 16.2432, 0.590241, 0, 0, 0),
(38, 290, 11, 10.4995, 0.753697, 0, 0, 0),
(39, 290, 11, 16.726, 0.459305, 0, 0, 0),
(40, 290, 11, 13.8521, 0.246557, 0, 0, 0),
(41, 290, 11, 19.9529, 0.349528, 0, 0, 0),
(42, 290, 11, 21.7954, 0.341587, 0, 0, 0),
(43, 290, 11, 32.0225, 0.280295, 0, 0, 0),
(44, 290, 2, 26.7686, 0.23558, 1, 0, 0),
(45, 290, 2, 13.685, 0.644644, 1, 0, 0),
(46, 290, 2, 12.4595, 0.736131, 0, 0, 0),
(47, 290, 2, 18.53, 0.304351, 0, 0, 0),
(48, 290, 2, 29.8751, 0.29752, 0, 0, 0),
(49, 290, 2, 31.7553, 0.283021, 0, 0, 0),
(50, 292, 16, 5.63205, 1.45137, 1, 0, 0),
(51, 292, 16, 3.42345, 1.94316, 0, 0, 0),
(52, 292, 16, 13, 0.334198, 0, 0, 0),
(53, 292, 16, 8.4214, 1.07052, 0, 0, 0),
(54, 292, 16, 12.4065, 0.732695, 0, 0, 0),
(55, 292, 16, 18.6762, 0.397639, 0, 0, 0),
(56, 292, 16, 20.938, 0.35234, 0, 0, 0),
(57, 292, 16, 26.3894, 0.340663, 0, 0, 0),
(58, 292, 16, 26.9236, 0.358201, 0, 0, 0),
(59, 292, 16, 15.5872, 0.375815, 0, 0, 0),
(60, 292, 13, 8.04984, 1.06582, 1, 0, 0),
(61, 292, 13, 5.81378, 1.42022, 0, 0, 0),
(62, 292, 13, 11.3225, 0.728084, 0, 0, 0),
(63, 292, 13, 13.0108, 0.567644, 0, 0, 0),
(64, 292, 13, 11.9549, 0.768497, 0, 0, 0),
(65, 292, 13, 11.8338, 0.725389, 0, 0, 0),
(66, 292, 13, 9.86712, 0.914751, 0, 0, 0),
(67, 292, 13, 16.4, 0.591852, 0, 0, 0),
(68, 292, 13, 26.9615, 0.362238, 0, 0, 0),
(69, 292, 13, 27.2734, 0.361737, 0, 0, 0),
(70, 292, 13, 28.035, 0.352581, 0, 0, 0),
(71, 292, 13, 31.0696, 0.293313, 0, 0, 0),
(72, 285, 1, 5.83095, 1.41685, 1, 0, 0),
(73, 285, 1, 15.4777, 0.54474, 1, 0, 0),
(74, 285, 1, 8.84081, 0.793237, 0, 0, 0),
(75, 285, 1, 7.6, 1.16381, 0, 0, 0),
(76, 285, 1, 9.07965, 1.00275, 0, 0, 0),
(77, 285, 1, 8.06226, 1.05165, 0, 0, 0),
(78, 285, 1, 13.8463, 0.684264, 0, 0, 0),
(79, 285, 1, 15.3388, 0.593949, 0, 0, 0),
(80, 285, 1, 17.1814, 0.523599, 0, 0, 0),
(81, 285, 1, 21, 0.383818, 0, 0, 0),
(82, 285, 1, 17.377, 0.55051, 0, 0, 0),
(83, 285, 1, 17.229, 0.564135, 0, 0, 0),
(84, 285, 1, 16.0611, 0.601821, 0, 0, 0),
(85, 285, 1, 14.8297, 0.642877, 0, 0, 0),
(86, 285, 1, 15.7848, 0.577303, 0, 0, 0),
(87, 285, 1, 24.4499, 0.372777, 0, 0, 0),
(88, 285, 1, 29.3373, 0.303811, 0, 0, 0),
(89, 285, 1, 20.4157, 0.480049, 0, 0, 0),
(90, 285, 1, 20.6155, 0.475575, 0, 0, 0),
(91, 285, 1, 24.2207, 0.406841, 0, 0, 0),
(92, 285, 1, 25.607, 0.38557, 0, 0, 0),
(93, 285, 1, 21.833, 0.413135, 0, 0, 0),
(94, 285, 1, 30.735, 0.255278, 0, 0, 0),
(95, 285, 19, 4.83735, 1.60887, 0, 0, 0),
(96, 285, 19, 8.71321, 1.03621, 0, 0, 0),
(97, 285, 19, 11.1427, 0.809217, 0, 0, 0),
(98, 285, 19, 11.3772, 0.820313, 0, 0, 0),
(99, 285, 19, 14.2801, 0.567293, 0, 0, 0),
(100, 285, 19, 23.0868, 0.368229, 0, 0, 0),
(101, 285, 19, 33.5839, 0.280722, 0, 0, 0),
(102, 285, 19, 23.8134, 0.41371, 0, 0, 0),
(103, 285, 19, 28.2631, 0.303106, 0, 0, 0),
(104, 284, 3, 22.0844, 0.436741, 1, 0, 0),
(105, 284, 3, 14.2225, 0.625353, 0, 0, 0),
(106, 284, 3, 14.4499, 0.481333, 0, 0, 0),
(107, 284, 3, 17.0845, 0.284346, 0, 0, 0),
(108, 284, 3, 27.7834, 0.351598, 0, 0, 0),
(109, 284, 3, 28.1432, 0.255064, 0, 0, 0),
(110, 284, 14, 7.16101, 1.01168, 1, 0, 0),
(111, 284, 14, 6.10573, 1.20438, 0, 0, 0),
(112, 284, 14, 5.2, 1.52832, 0, 0, 0),
(113, 284, 14, 5.54617, 1.4561, 0, 0, 0),
(114, 284, 14, 6.64831, 1.27048, 0, 0, 0),
(115, 284, 14, 8.4119, 1.05122, 0, 0, 0),
(116, 284, 14, 10.9124, 0.7169, 0, 0, 0),
(117, 284, 14, 16.8297, 0.576767, 0, 0, 0),
(118, 284, 14, 15.7848, 0.577303, 0, 0, 0),
(119, 284, 14, 14.4222, 0.412124, 0, 0, 0),
(120, 284, 14, 16.8345, 0.421952, 0, 0, 0),
(121, 284, 14, 17.9287, 0.441219, 0, 0, 0),
(122, 284, 14, 19.5305, 0.421925, 0, 0, 0),
(123, 284, 14, 26.2458, 0.322726, 0, 0, 0),
(124, 284, 14, 29.4109, 0.321751, 0, 0, 0),
(125, 284, 14, 26.1396, 0.373531, 0, 0, 0),
(126, 291, 5, 32.9521, 0.065891, 1, 0, 0),
(127, 291, 5, 11.0635, 0.636566, 1, 0, 0),
(128, 291, 5, 12.8062, 0.226273, 0, 0, 0),
(129, 291, 5, 18.3848, 0.517079, 0, 0, 0),
(130, 291, 5, 18.9652, 0.465224, 0, 0, 0),
(131, 291, 5, 23.7394, 0.409883, 0, 0, 0),
(132, 291, 5, 30.8662, 0.306894, 0, 0, 0),
(133, 291, 15, 7.22496, 1.05525, 0, 0, 0),
(134, 291, 15, 8.62786, 0.897631, 0, 0, 0),
(135, 291, 15, 10.7815, 0.732112, 0, 0, 0),
(136, 291, 15, 9.58541, 0.920926, 0, 0, 0),
(137, 291, 15, 11.0218, 0.841677, 0, 0, 0),
(138, 291, 15, 14.6123, 0.589177, 0, 0, 0),
(139, 291, 15, 16.0125, 0.5504, 0, 0, 0),
(140, 291, 15, 26.7372, 0.292834, 0, 0, 0),
(141, 291, 15, 26.9474, 0.337429, 0, 0, 0),
(142, 291, 15, 17.7054, 0.429132, 0, 0, 0),
(143, 291, 15, 28.0114, 0.353144, 0, 0, 0),
(144, 291, 15, 31.1416, 0.30938, 0, 0, 0),
(145, 291, 15, 28.5335, 0.31139, 0, 0, 0),
(146, 291, 15, 47.5079, 0.204966, 0, 0, 0),
(147, 286, 4, 6.79412, 1.17045, 0, 0, 0),
(148, 286, 4, 14.322, 0.572156, 0, 0, 0),
(149, 286, 4, 15.4013, 0.521781, 0, 0, 0),
(150, 286, 4, 15.2971, 0.583573, 0, 0, 0),
(151, 286, 4, 20.2089, 0.484908, 0, 0, 0),
(152, 286, 4, 21.587, 0.444419, 0, 0, 0),
(153, 286, 4, 26.4371, 0.373364, 0, 0, 0),
(154, 286, 4, 30.9968, 0.306349, 0, 0, 0),
(155, 286, 4, 33.7627, 0.147804, 0, 0, 0),
(156, 286, 18, 4, 1.84496, 1, 0, 0),
(157, 286, 18, 9.40851, 0.976535, 1, 0, 0),
(158, 286, 18, 14.5986, 0.653328, 1, 0, 0),
(159, 286, 18, 17.8639, 0.513828, 1, 0, 0),
(160, 286, 18, 18.0422, 0.30315, 0, 0, 0),
(161, 286, 18, 16.6517, 0.542259, 0, 0, 0),
(162, 286, 18, 13.6499, 0.693151, 0, 0, 0),
(163, 286, 18, 12.2801, 0.770064, 0, 0, 0),
(164, 286, 18, 9.21954, 0.982794, 0, 0, 0),
(165, 286, 18, 15.6486, 0.506558, 0, 0, 0),
(166, 286, 18, 17.1126, 0.427415, 0, 0, 0),
(167, 286, 18, 14.3178, 0.661043, 0, 0, 0),
(168, 286, 18, 27.8173, 0.319826, 0, 0, 0),
(169, 287, 7, 10.3228, 0.800135, 1, 0, 0),
(170, 287, 7, 13.3056, 0.534479, 1, 0, 0),
(171, 287, 7, 6.68431, 1.13261, 0, 0, 0),
(172, 287, 7, 8.4119, 1.01697, 0, 0, 0),
(173, 287, 7, 7.80256, 1.13966, 0, 0, 0),
(174, 287, 7, 17.088, 0.331829, 0, 0, 0),
(175, 287, 7, 21.2151, 0.343411, 0, 0, 0),
(176, 287, 7, 12.2376, 0.765953, 0, 0, 0),
(177, 287, 7, 19.0042, 0.514443, 0, 0, 0),
(178, 287, 7, 20.4793, 0.477345, 0, 0, 0),
(179, 287, 7, 17.9789, 0.492405, 0, 0, 0),
(180, 287, 7, 18.0544, 0.435404, 0, 0, 0),
(181, 287, 7, 20.801, 0.356877, 0, 0, 0),
(182, 287, 7, 28.3069, 0.261795, 0, 0, 0),
(183, 287, 7, 30.1529, 0.325072, 0, 0, 0),
(184, 287, 6, 17.2047, 0.476843, 0, 0, 0),
(185, 287, 6, 14.9345, 0.61536, 0, 0, 0),
(186, 287, 6, 26.8157, 0.34317, 0, 0, 0),
(187, 287, 6, 28.0813, 0.33522, 0, 0, 0),
(188, 287, 6, 35.348, 0.276901, 0, 0, 0),
(189, 287, 6, 55.4054, 0.170429, 0, 0, 0),
(190, 288, 8, 4.63897, 1.6463, 0, 0, 0),
(191, 288, 8, 11.1893, 0.7943, 0, 0, 0),
(192, 288, 8, 10.8683, 0.849993, 0, 0, 0),
(193, 288, 8, 11.6276, 0.811034, 0, 0, 0),
(194, 288, 8, 10.0975, 0.914869, 0, 0, 0),
(195, 288, 8, 17.2743, 0.401266, 0, 0, 0),
(196, 288, 8, 17.6477, 0.514713, 0, 0, 0),
(197, 288, 8, 23.5228, 0.338508, 0, 0, 0),
(198, 288, 8, 27.4401, 0.293487, 0, 0, 0),
(199, 288, 8, 29.4944, 0.315731, 0, 0, 0),
(200, 288, 8, 20.6087, 0.475861, 0, 0, 0),
(201, 288, 8, 27.841, 0.326494, 0, 0, 0),
(202, 288, 8, 24.9736, 0.340334, 0, 0, 0),
(203, 288, 17, 23.8948, 0.367198, 0, 0, 0),
(204, 288, 17, 12.1672, 0.399859, 0, 0, 0),
(205, 288, 17, 14.6697, 0.324587, 1, 0, 0),
(206, 288, 17, 14.0014, 0.685933, 0, 0, 0),
(207, 288, 17, 23.9883, 0.408106, 0, 0, 0),
(208, 288, 17, 25.02, 0.330212, 0, 0, 0),
(209, 288, 17, 25.9384, 0.360225, 0, 0, 0),
(210, 289, 9, 5.53173, 1.41648, 1, 0, 0),
(211, 289, 9, 17.4413, 0.441635, 1, 0, 0),
(212, 289, 9, 16.5239, 0.482748, 1, 0, 0),
(213, 289, 9, 12.8825, 0.402423, 0, 0, 0),
(214, 289, 9, 12.1078, 0.707542, 0, 0, 0),
(215, 289, 9, 10.6977, 0.841084, 0, 0, 0),
(216, 289, 9, 8.2, 1.085, 0, 0, 0),
(217, 289, 9, 7.62365, 1.15982, 0, 0, 0),
(218, 289, 9, 10.8167, 0.865228, 0, 0, 0),
(219, 289, 9, 10.9417, 0.832063, 0, 0, 0),
(220, 289, 9, 15.9223, 0.530346, 0, 0, 0),
(221, 289, 9, 17.2186, 0.49912, 0, 0, 0),
(222, 289, 9, 18.2779, 0.497877, 0, 0, 0),
(223, 289, 9, 14.9265, 0.622636, 0, 0, 0),
(224, 289, 9, 14.6123, 0.589177, 0, 0, 0),
(225, 289, 9, 16.1245, 0.537285, 0, 0, 0),
(226, 289, 9, 16.72, 0.484543, 0, 0, 0),
(227, 289, 9, 17.2754, 0.534851, 0, 0, 0),
(228, 289, 9, 20.6649, 0.335092, 0, 0, 0),
(229, 289, 9, 25.769, 0.30616, 0, 0, 0),
(230, 289, 9, 23.5372, 0.410127, 0, 0, 0),
(231, 289, 9, 27.9428, 0.326585, 0, 0, 0),
(232, 289, 9, 27.9084, 0.317814, 0, 0, 0),
(233, 289, 9, 30.6777, 0.252126, 0, 0, 0),
(234, 289, 20, 14.4014, 0.661499, 0, 0, 0),
(235, 289, 20, 15.4324, 0.625643, 0, 0, 0),
(236, 289, 20, 13.3462, 0.648332, 0, 0, 0),
(237, 289, 20, 15.4932, 0.508992, 0, 0, 0),
(238, 289, 20, 17.3217, 0.470835, 0, 0, 0),
(239, 289, 20, 20.6039, 0.476064, 0, 0, 0),
(240, 289, 20, 28.8839, 0.341896, 0, 0, 0),
(241, 289, 20, 34.2707, 0.289185, 0, 0, 0);

-- --------------------------------------------------------

--
-- Table structure for table `teams`
--

CREATE TABLE IF NOT EXISTS `teams` (
  `id_team` int(2) NOT NULL AUTO_INCREMENT,
  `team_name` varchar(20) NOT NULL,
  PRIMARY KEY (`id_team`)
) ENGINE=InnoDB  DEFAULT CHARSET=latin1 AUTO_INCREMENT=21 ;

--
-- Dumping data for table `teams`
--

INSERT INTO `teams` (`id_team`, `team_name`) VALUES
(1, 'Atalanta'),
(2, 'Benevento'),
(3, 'Bologna'),
(4, 'Cagliari'),
(5, 'Chievo'),
(6, 'Crotone'),
(7, 'Fiorentina'),
(8, 'Genoa'),
(9, 'Inter'),
(10, 'Juventus'),
(11, 'Lazio'),
(12, 'Milan'),
(13, 'Napoli'),
(14, 'Roma'),
(15, 'Sampdoria'),
(16, 'Sassuolo'),
(17, 'SPAL'),
(18, 'Torino'),
(19, 'Udinese'),
(20, 'Verona');

--
-- Constraints for dumped tables
--

--
-- Constraints for table `matches`
--
ALTER TABLE `matches`
  ADD CONSTRAINT `matches_ibfk_1` FOREIGN KEY (`id_home`) REFERENCES `teams` (`id_team`),
  ADD CONSTRAINT `matches_ibfk_2` FOREIGN KEY (`id_away`) REFERENCES `teams` (`id_team`);

--
-- Constraints for table `shots`
--
ALTER TABLE `shots`
  ADD CONSTRAINT `shots_ibfk_1` FOREIGN KEY (`id_match`) REFERENCES `matches` (`id_match`),
  ADD CONSTRAINT `shots_ibfk_2` FOREIGN KEY (`id_team`) REFERENCES `teams` (`id_team`);

/*!40101 SET CHARACTER_SET_CLIENT=@OLD_CHARACTER_SET_CLIENT */;
/*!40101 SET CHARACTER_SET_RESULTS=@OLD_CHARACTER_SET_RESULTS */;
/*!40101 SET COLLATION_CONNECTION=@OLD_COLLATION_CONNECTION */;
